"SteuerJahr","QuarSort","QuarLang","SteuerTarifSort","SteuerTarifLang","AnzBestZiv","SteuerEinkommen_p50","SteuerEinkommen_p25","SteuerEinkommen_p75"
1999,11,"Rathaus",0,"Grundtarif",1646,38.80,18.20,64.40
1999,11,"Rathaus",1,"Verheiratet",286,80.40,48.10,127.70
1999,11,"Rathaus",2,"EinElternFamilien",80,43.00,23.55,81.10
1999,12,"Hochschulen",0,"Grundtarif",321,31.00,12.40,55.20
1999,12,"Hochschulen",1,"Verheiratet",76,86.35,51.70,176.95
1999,12,"Hochschulen",2,"EinElternFamilien",13,62.50,36.70,79.30
1999,13,"Lindenhof",0,"Grundtarif",1207,21.40,7.60,45.50
1999,13,"Lindenhof",1,"Verheiratet",150,97.00,52.22,150.70
1999,13,"Lindenhof",2,"EinElternFamilien",18,67.05,36.40,130.80
1999,14,"City",0,"Grundtarif",1310,6.05,0.00,20.20
1999,14,"City",1,"Verheiratet",115,63.20,30.50,93.00
1999,14,"City",2,"EinElternFamilien",30,38.40,11.10,57.00
1999,21,"Wollishofen",0,"Grundtarif",6247,36.70,19.70,55.20
1999,21,"Wollishofen",1,"Verheiratet",2760,67.75,48.35,94.90
1999,21,"Wollishofen",2,"EinElternFamilien",406,38.30,21.60,57.70
1999,23,"Leimbach",0,"Grundtarif",1503,33.10,18.90,50.50
1999,23,"Leimbach",1,"Verheiratet",977,66.00,47.50,91.10
1999,23,"Leimbach",2,"EinElternFamilien",101,41.70,24.60,57.10
1999,24,"Enge",0,"Grundtarif",3447,42.90,20.30,67.10
1999,24,"Enge",1,"Verheiratet",1192,80.25,52.95,130.15
1999,24,"Enge",2,"EinElternFamilien",165,39.70,20.10,72.00
1999,31,"Alt-Wiedikon",0,"Grundtarif",6195,36.50,20.20,54.90
1999,31,"Alt-Wiedikon",1,"Verheiratet",2041,62.00,40.00,89.20
1999,31,"Alt-Wiedikon",2,"EinElternFamilien",298,35.35,22.50,49.30
1999,33,"Friesenberg",0,"Grundtarif",3015,26.30,12.20,43.10
1999,33,"Friesenberg",1,"Verheiratet",1947,61.50,46.00,79.90
1999,33,"Friesenberg",2,"EinElternFamilien",321,35.10,19.40,46.60
1999,34,"Sihlfeld",0,"Grundtarif",8878,32.20,17.30,49.10
1999,34,"Sihlfeld",1,"Verheiratet",2790,55.10,37.00,74.20
1999,34,"Sihlfeld",2,"EinElternFamilien",565,30.30,15.10,43.40
1999,41,"Werd",0,"Grundtarif",1962,33.00,15.70,52.30
1999,41,"Werd",1,"Verheiratet",401,54.30,33.60,76.40
1999,41,"Werd",2,"EinElternFamilien",68,30.90,9.80,55.35
1999,42,"Langstrasse",0,"Grundtarif",5079,28.30,12.60,47.70
1999,42,"Langstrasse",1,"Verheiratet",1074,51.40,33.00,73.00
1999,42,"Langstrasse",2,"EinElternFamilien",244,30.00,15.65,45.90
1999,44,"Hard",0,"Grundtarif",4862,27.20,15.00,41.80
1999,44,"Hard",1,"Verheiratet",2013,51.40,35.80,69.00
1999,44,"Hard",2,"EinElternFamilien",332,30.10,13.95,42.60
1999,51,"Gewerbeschule",0,"Grundtarif",4220,31.80,15.40,48.20
1999,51,"Gewerbeschule",1,"Verheiratet",1135,54.00,37.50,72.90
1999,51,"Gewerbeschule",2,"EinElternFamilien",201,30.30,16.70,46.00
1999,52,"Escher Wyss",0,"Grundtarif",787,35.50,18.20,56.80
1999,52,"Escher Wyss",1,"Verheiratet",254,55.45,34.90,77.90
1999,52,"Escher Wyss",2,"EinElternFamilien",32,32.20,17.20,67.55
1999,61,"Unterstrass",0,"Grundtarif",8321,36.00,18.50,55.90
1999,61,"Unterstrass",1,"Verheiratet",3006,63.75,45.40,89.70
1999,61,"Unterstrass",2,"EinElternFamilien",492,33.75,19.15,49.40
1999,63,"Oberstrass",0,"Grundtarif",4101,41.40,19.40,66.10
1999,63,"Oberstrass",1,"Verheiratet",1402,90.95,58.50,147.70
1999,63,"Oberstrass",2,"EinElternFamilien",200,47.65,29.00,86.95
1999,71,"Fluntern",0,"Grundtarif",2774,45.50,16.50,76.80
1999,71,"Fluntern",1,"Verheiratet",1199,112.50,69.90,199.80
1999,71,"Fluntern",2,"EinElternFamilien",119,49.80,30.50,87.40
1999,72,"Hottingen",0,"Grundtarif",4474,40.90,17.90,66.00
1999,72,"Hottingen",1,"Verheiratet",1425,93.00,58.10,153.10
1999,72,"Hottingen",2,"EinElternFamilien",245,46.10,20.90,74.90
1999,73,"Hirslanden",0,"Grundtarif",3100,38.80,18.05,60.85
1999,73,"Hirslanden",1,"Verheiratet",965,79.50,50.10,135.60
1999,73,"Hirslanden",2,"EinElternFamilien",181,44.60,27.30,67.00
1999,74,"Witikon",0,"Grundtarif",3568,42.50,20.00,64.50
1999,74,"Witikon",1,"Verheiratet",1969,85.10,57.30,128.80
1999,74,"Witikon",2,"EinElternFamilien",189,42.80,26.40,69.60
1999,81,"Seefeld",0,"Grundtarif",2666,42.00,21.00,65.10
1999,81,"Seefeld",1,"Verheiratet",505,75.60,46.90,120.00
1999,81,"Seefeld",2,"EinElternFamilien",100,33.85,19.05,54.30
1999,82,"Mühlebach",0,"Grundtarif",2754,40.00,20.00,61.30
1999,82,"Mühlebach",1,"Verheiratet",643,77.10,49.80,115.50
1999,82,"Mühlebach",2,"EinElternFamilien",171,46.60,25.00,63.50
1999,83,"Weinegg",0,"Grundtarif",1880,39.80,17.30,60.80
1999,83,"Weinegg",1,"Verheiratet",733,78.50,55.40,126.50
1999,83,"Weinegg",2,"EinElternFamilien",89,41.10,27.10,61.50
1999,91,"Albisrieden",0,"Grundtarif",6174,34.80,19.90,50.80
1999,91,"Albisrieden",1,"Verheiratet",3205,61.00,45.60,83.90
1999,91,"Albisrieden",2,"EinElternFamilien",396,35.55,20.60,49.40
1999,92,"Altstetten",0,"Grundtarif",9982,33.35,18.10,49.30
1999,92,"Altstetten",1,"Verheiratet",5348,58.20,43.05,78.30
1999,92,"Altstetten",2,"EinElternFamilien",681,32.40,16.20,45.90
1999,101,"Höngg",0,"Grundtarif",7611,42.00,21.40,61.80
1999,101,"Höngg",1,"Verheiratet",4039,74.70,54.00,106.30
1999,101,"Höngg",2,"EinElternFamilien",450,39.40,23.20,57.00
1999,102,"Wipkingen",0,"Grundtarif",6596,34.10,18.00,52.15
1999,102,"Wipkingen",1,"Verheiratet",2080,59.35,41.80,81.75
1999,102,"Wipkingen",2,"EinElternFamilien",364,35.30,18.25,49.05
1999,111,"Affoltern",0,"Grundtarif",5671,32.70,17.50,48.60
1999,111,"Affoltern",1,"Verheiratet",3681,60.60,44.30,81.20
1999,111,"Affoltern",2,"EinElternFamilien",460,33.50,18.90,47.35
1999,115,"Oerlikon",0,"Grundtarif",6613,36.90,20.00,53.80
1999,115,"Oerlikon",1,"Verheiratet",2565,63.60,42.70,89.20
1999,115,"Oerlikon",2,"EinElternFamilien",338,37.05,23.50,54.70
1999,119,"Seebach",0,"Grundtarif",5934,31.90,17.50,48.20
1999,119,"Seebach",1,"Verheiratet",3307,56.70,40.00,77.70
1999,119,"Seebach",2,"EinElternFamilien",365,31.90,16.30,45.80
1999,121,"Saatlen",0,"Grundtarif",1729,27.10,14.90,41.30
1999,121,"Saatlen",1,"Verheiratet",1347,53.60,39.30,69.60
1999,121,"Saatlen",2,"EinElternFamilien",208,28.30,14.15,42.25
1999,122,"Schwamendingen-Mitte",0,"Grundtarif",3705,30.00,17.30,45.00
1999,122,"Schwamendingen-Mitte",1,"Verheiratet",1899,56.70,39.70,75.60
1999,122,"Schwamendingen-Mitte",2,"EinElternFamilien",262,29.80,12.80,47.80
1999,123,"Hirzenbach",0,"Grundtarif",3605,26.60,14.70,42.00
1999,123,"Hirzenbach",1,"Verheiratet",2131,55.00,40.40,70.90
1999,123,"Hirzenbach",2,"EinElternFamilien",261,32.10,17.30,40.20
2000,11,"Rathaus",0,"Grundtarif",1674,41.80,18.40,69.10
2000,11,"Rathaus",1,"Verheiratet",277,85.50,51.80,131.60
2000,11,"Rathaus",2,"EinElternFamilien",73,51.00,26.40,93.40
2000,12,"Hochschulen",0,"Grundtarif",328,32.10,13.30,59.10
2000,12,"Hochschulen",1,"Verheiratet",72,96.65,53.35,188.00
2000,12,"Hochschulen",2,"EinElternFamilien",12,45.10,27.80,72.30
2000,13,"Lindenhof",0,"Grundtarif",1218,20.70,3.20,45.30
2000,13,"Lindenhof",1,"Verheiratet",150,93.15,41.70,163.20
2000,13,"Lindenhof",2,"EinElternFamilien",25,62.70,41.70,105.30
2000,14,"City",0,"Grundtarif",1346,4.10,0.00,20.00
2000,14,"City",1,"Verheiratet",114,71.55,37.20,98.20
2000,14,"City",2,"EinElternFamilien",31,38.90,9.60,70.00
2000,21,"Wollishofen",0,"Grundtarif",6345,37.60,19.90,57.90
2000,21,"Wollishofen",1,"Verheiratet",2717,69.70,51.00,99.90
2000,21,"Wollishofen",2,"EinElternFamilien",430,38.00,22.80,57.70
2000,23,"Leimbach",0,"Grundtarif",1514,32.75,18.30,51.90
2000,23,"Leimbach",1,"Verheiratet",969,69.40,48.50,93.40
2000,23,"Leimbach",2,"EinElternFamilien",107,40.80,24.40,59.30
2000,24,"Enge",0,"Grundtarif",3496,45.50,21.40,70.50
2000,24,"Enge",1,"Verheiratet",1203,86.70,55.20,141.30
2000,24,"Enge",2,"EinElternFamilien",167,44.90,20.10,72.50
2000,31,"Alt-Wiedikon",0,"Grundtarif",6293,38.80,21.00,57.20
2000,31,"Alt-Wiedikon",1,"Verheiratet",1966,64.35,42.60,92.00
2000,31,"Alt-Wiedikon",2,"EinElternFamilien",301,38.30,22.70,55.70
2000,33,"Friesenberg",0,"Grundtarif",2964,27.85,12.05,44.50
2000,33,"Friesenberg",1,"Verheiratet",1906,63.35,47.20,82.30
2000,33,"Friesenberg",2,"EinElternFamilien",350,36.30,19.70,49.00
2000,34,"Sihlfeld",0,"Grundtarif",8933,34.00,18.20,51.40
2000,34,"Sihlfeld",1,"Verheiratet",2732,56.40,38.20,75.30
2000,34,"Sihlfeld",2,"EinElternFamilien",566,30.55,14.70,43.50
2000,41,"Werd",0,"Grundtarif",1916,35.00,17.00,55.05
2000,41,"Werd",1,"Verheiratet",400,56.20,35.75,80.20
2000,41,"Werd",2,"EinElternFamilien",79,30.00,10.40,51.00
2000,42,"Langstrasse",0,"Grundtarif",5071,30.90,14.90,50.00
2000,42,"Langstrasse",1,"Verheiratet",1025,53.00,34.70,75.90
2000,42,"Langstrasse",2,"EinElternFamilien",243,33.80,14.30,47.80
2000,44,"Hard",0,"Grundtarif",4965,28.10,15.50,43.19
2000,44,"Hard",1,"Verheiratet",1967,53.40,37.30,70.00
2000,44,"Hard",2,"EinElternFamilien",314,31.20,14.40,44.30
2000,51,"Gewerbeschule",0,"Grundtarif",4385,34.50,17.60,51.50
2000,51,"Gewerbeschule",1,"Verheiratet",1109,56.00,40.10,75.80
2000,51,"Gewerbeschule",2,"EinElternFamilien",203,33.80,21.70,45.00
2000,52,"Escher Wyss",0,"Grundtarif",844,40.35,20.60,62.20
2000,52,"Escher Wyss",1,"Verheiratet",253,59.10,40.40,80.70
2000,52,"Escher Wyss",2,"EinElternFamilien",44,33.50,15.20,49.75
2000,61,"Unterstrass",0,"Grundtarif",8283,37.40,19.20,57.90
2000,61,"Unterstrass",1,"Verheiratet",2901,66.20,46.60,93.90
2000,61,"Unterstrass",2,"EinElternFamilien",511,37.30,22.10,52.10
2000,63,"Oberstrass",0,"Grundtarif",4109,43.40,20.60,70.00
2000,63,"Oberstrass",1,"Verheiratet",1391,96.70,64.70,160.40
2000,63,"Oberstrass",2,"EinElternFamilien",204,50.30,26.80,92.25
2000,71,"Fluntern",0,"Grundtarif",2755,47.80,17.00,79.40
2000,71,"Fluntern",1,"Verheiratet",1203,126.80,75.90,224.40
2000,71,"Fluntern",2,"EinElternFamilien",122,55.70,31.00,101.70
2000,72,"Hottingen",0,"Grundtarif",4516,42.45,18.55,70.62
2000,72,"Hottingen",1,"Verheiratet",1390,101.40,61.70,171.00
2000,72,"Hottingen",2,"EinElternFamilien",240,51.70,28.70,89.30
2000,73,"Hirslanden",0,"Grundtarif",3164,39.95,19.10,63.70
2000,73,"Hirslanden",1,"Verheiratet",944,86.70,55.40,140.85
2000,73,"Hirslanden",2,"EinElternFamilien",171,47.20,26.90,67.80
2000,74,"Witikon",0,"Grundtarif",3558,44.35,20.70,67.00
2000,74,"Witikon",1,"Verheiratet",1957,88.40,57.60,140.60
2000,74,"Witikon",2,"EinElternFamilien",195,47.50,29.50,68.90
2000,81,"Seefeld",0,"Grundtarif",2663,45.70,23.40,70.00
2000,81,"Seefeld",1,"Verheiratet",505,82.90,50.40,128.60
2000,81,"Seefeld",2,"EinElternFamilien",108,39.95,19.15,62.40
2000,82,"Mühlebach",0,"Grundtarif",2780,42.70,20.80,65.45
2000,82,"Mühlebach",1,"Verheiratet",640,83.00,52.20,121.80
2000,82,"Mühlebach",2,"EinElternFamilien",169,44.90,25.30,72.40
2000,83,"Weinegg",0,"Grundtarif",1902,41.45,19.60,63.20
2000,83,"Weinegg",1,"Verheiratet",713,84.00,60.00,134.40
2000,83,"Weinegg",2,"EinElternFamilien",110,43.85,27.20,58.70
2000,91,"Albisrieden",0,"Grundtarif",6342,35.65,20.30,52.70
2000,91,"Albisrieden",1,"Verheiratet",3153,63.30,46.50,87.80
2000,91,"Albisrieden",2,"EinElternFamilien",416,36.05,23.00,50.85
2000,92,"Altstetten",0,"Grundtarif",10146,34.60,19.00,51.10
2000,92,"Altstetten",1,"Verheiratet",5376,60.30,44.80,81.20
2000,92,"Altstetten",2,"EinElternFamilien",683,32.70,15.00,46.00
2000,101,"Höngg",0,"Grundtarif",7736,43.30,22.30,64.30
2000,101,"Höngg",1,"Verheiratet",3935,77.70,55.80,110.10
2000,101,"Höngg",2,"EinElternFamilien",462,40.85,25.00,58.30
2000,102,"Wipkingen",0,"Grundtarif",6743,36.70,18.80,55.10
2000,102,"Wipkingen",1,"Verheiratet",2062,62.05,44.10,86.00
2000,102,"Wipkingen",2,"EinElternFamilien",403,37.00,20.20,52.20
2000,111,"Affoltern",0,"Grundtarif",5751,33.60,17.80,49.90
2000,111,"Affoltern",1,"Verheiratet",3657,62.90,45.60,83.40
2000,111,"Affoltern",2,"EinElternFamilien",467,34.70,21.90,49.50
2000,115,"Oerlikon",0,"Grundtarif",6750,38.00,20.10,55.90
2000,115,"Oerlikon",1,"Verheiratet",2605,65.60,45.30,93.00
2000,115,"Oerlikon",2,"EinElternFamilien",381,39.30,21.50,55.30
2000,119,"Seebach",0,"Grundtarif",5947,33.10,17.80,49.70
2000,119,"Seebach",1,"Verheiratet",3274,58.60,41.50,79.70
2000,119,"Seebach",2,"EinElternFamilien",387,34.20,18.20,47.60
2000,121,"Saatlen",0,"Grundtarif",1736,29.00,15.20,42.75
2000,121,"Saatlen",1,"Verheiratet",1300,54.90,40.30,72.10
2000,121,"Saatlen",2,"EinElternFamilien",216,29.80,17.80,44.10
2000,122,"Schwamendingen-Mitte",0,"Grundtarif",3724,31.60,18.10,46.80
2000,122,"Schwamendingen-Mitte",1,"Verheiratet",1900,57.90,40.20,76.95
2000,122,"Schwamendingen-Mitte",2,"EinElternFamilien",254,30.00,12.50,43.50
2000,123,"Hirzenbach",0,"Grundtarif",3596,28.00,15.15,42.45
2000,123,"Hirzenbach",1,"Verheiratet",2151,56.30,41.50,73.10
2000,123,"Hirzenbach",2,"EinElternFamilien",285,32.80,15.40,44.60
2001,11,"Rathaus",0,"Grundtarif",1710,44.80,19.00,72.30
2001,11,"Rathaus",1,"Verheiratet",278,93.05,52.10,139.20
2001,11,"Rathaus",2,"EinElternFamilien",72,50.50,26.85,104.95
2001,12,"Hochschulen",0,"Grundtarif",337,35.10,12.10,62.50
2001,12,"Hochschulen",1,"Verheiratet",66,99.65,47.00,191.30
2001,12,"Hochschulen",2,"EinElternFamilien",13,54.50,34.50,73.40
2001,13,"Lindenhof",0,"Grundtarif",1232,21.30,3.30,47.50
2001,13,"Lindenhof",1,"Verheiratet",139,107.40,49.30,178.10
2001,13,"Lindenhof",2,"EinElternFamilien",23,75.50,38.50,186.60
2001,14,"City",0,"Grundtarif",1330,4.70,0.00,19.90
2001,14,"City",1,"Verheiratet",113,74.90,40.40,99.40
2001,14,"City",2,"EinElternFamilien",29,39.70,27.90,68.60
2001,21,"Wollishofen",0,"Grundtarif",6354,39.50,20.50,60.20
2001,21,"Wollishofen",1,"Verheiratet",2672,73.25,52.80,105.80
2001,21,"Wollishofen",2,"EinElternFamilien",471,40.00,25.00,59.48
2001,23,"Leimbach",0,"Grundtarif",1535,34.80,19.50,53.40
2001,23,"Leimbach",1,"Verheiratet",975,70.20,48.80,97.50
2001,23,"Leimbach",2,"EinElternFamilien",113,46.90,31.90,62.50
2001,24,"Enge",0,"Grundtarif",3528,47.10,22.30,75.65
2001,24,"Enge",1,"Verheiratet",1184,92.40,58.75,153.05
2001,24,"Enge",2,"EinElternFamilien",171,45.00,20.00,84.80
2001,31,"Alt-Wiedikon",0,"Grundtarif",6386,39.70,21.80,60.00
2001,31,"Alt-Wiedikon",1,"Verheiratet",1942,67.00,44.20,97.20
2001,31,"Alt-Wiedikon",2,"EinElternFamilien",290,41.50,23.60,60.20
2001,33,"Friesenberg",0,"Grundtarif",3020,29.90,12.50,46.65
2001,33,"Friesenberg",1,"Verheiratet",1898,64.00,49.10,85.00
2001,33,"Friesenberg",2,"EinElternFamilien",383,37.40,20.00,52.10
2001,34,"Sihlfeld",0,"Grundtarif",8974,35.40,19.70,53.60
2001,34,"Sihlfeld",1,"Verheiratet",2710,58.30,39.50,77.90
2001,34,"Sihlfeld",2,"EinElternFamilien",592,31.80,16.05,46.10
2001,41,"Werd",0,"Grundtarif",1903,37.80,19.90,58.20
2001,41,"Werd",1,"Verheiratet",404,60.25,36.35,85.10
2001,41,"Werd",2,"EinElternFamilien",66,33.75,12.50,64.50
2001,42,"Langstrasse",0,"Grundtarif",5205,32.50,15.30,52.50
2001,42,"Langstrasse",1,"Verheiratet",1023,54.80,35.00,75.20
2001,42,"Langstrasse",2,"EinElternFamilien",244,36.35,16.50,49.85
2001,44,"Hard",0,"Grundtarif",5038,30.00,16.80,45.70
2001,44,"Hard",1,"Verheiratet",1947,55.00,38.90,70.90
2001,44,"Hard",2,"EinElternFamilien",330,30.95,17.50,45.10
2001,51,"Gewerbeschule",0,"Grundtarif",4549,35.90,18.10,54.90
2001,51,"Gewerbeschule",1,"Verheiratet",1088,57.40,41.00,77.60
2001,51,"Gewerbeschule",2,"EinElternFamilien",215,33.90,20.00,47.30
2001,52,"Escher Wyss",0,"Grundtarif",966,41.30,20.50,63.90
2001,52,"Escher Wyss",1,"Verheiratet",270,64.65,44.00,90.70
2001,52,"Escher Wyss",2,"EinElternFamilien",57,41.00,20.90,56.60
2001,61,"Unterstrass",0,"Grundtarif",8401,39.00,20.00,61.20
2001,61,"Unterstrass",1,"Verheiratet",2866,69.20,48.80,99.60
2001,61,"Unterstrass",2,"EinElternFamilien",546,38.45,23.60,55.30
2001,63,"Oberstrass",0,"Grundtarif",4056,45.15,20.80,72.30
2001,63,"Oberstrass",1,"Verheiratet",1406,102.70,65.70,172.20
2001,63,"Oberstrass",2,"EinElternFamilien",218,54.00,29.70,89.00
2001,71,"Fluntern",0,"Grundtarif",2760,48.10,16.00,82.40
2001,71,"Fluntern",1,"Verheiratet",1213,127.50,78.00,231.70
2001,71,"Fluntern",2,"EinElternFamilien",140,61.00,33.25,105.35
2001,72,"Hottingen",0,"Grundtarif",4426,44.90,19.90,72.40
2001,72,"Hottingen",1,"Verheiratet",1371,104.20,66.20,175.00
2001,72,"Hottingen",2,"EinElternFamilien",254,49.65,26.80,93.20
2001,73,"Hirslanden",0,"Grundtarif",3251,41.50,20.00,66.40
2001,73,"Hirslanden",1,"Verheiratet",945,87.00,55.70,148.70
2001,73,"Hirslanden",2,"EinElternFamilien",180,46.80,28.15,73.20
2001,74,"Witikon",0,"Grundtarif",3641,45.30,21.90,69.40
2001,74,"Witikon",1,"Verheiratet",1916,91.95,59.80,141.65
2001,74,"Witikon",2,"EinElternFamilien",204,52.35,33.85,75.35
2001,81,"Seefeld",0,"Grundtarif",2657,47.20,24.20,72.20
2001,81,"Seefeld",1,"Verheiratet",538,86.20,51.50,143.70
2001,81,"Seefeld",2,"EinElternFamilien",127,45.80,25.50,76.00
2001,82,"Mühlebach",0,"Grundtarif",2725,43.80,22.00,68.80
2001,82,"Mühlebach",1,"Verheiratet",638,86.15,54.60,132.30
2001,82,"Mühlebach",2,"EinElternFamilien",163,51.80,29.60,76.00
2001,83,"Weinegg",0,"Grundtarif",1912,43.45,20.90,66.30
2001,83,"Weinegg",1,"Verheiratet",711,86.30,62.20,138.30
2001,83,"Weinegg",2,"EinElternFamilien",122,54.00,29.90,77.20
2001,91,"Albisrieden",0,"Grundtarif",6453,37.70,21.10,54.90
2001,91,"Albisrieden",1,"Verheiratet",3139,65.60,48.10,91.60
2001,91,"Albisrieden",2,"EinElternFamilien",416,39.80,24.70,52.95
2001,92,"Altstetten",0,"Grundtarif",10495,35.80,19.60,52.70
2001,92,"Altstetten",1,"Verheiratet",5425,62.20,45.80,83.30
2001,92,"Altstetten",2,"EinElternFamilien",727,34.80,16.80,48.90
2001,101,"Höngg",0,"Grundtarif",7873,45.00,23.40,66.70
2001,101,"Höngg",1,"Verheiratet",3878,80.60,57.90,116.20
2001,101,"Höngg",2,"EinElternFamilien",471,43.30,27.20,62.50
2001,102,"Wipkingen",0,"Grundtarif",6882,38.70,20.20,57.80
2001,102,"Wipkingen",1,"Verheiratet",2007,65.20,45.90,90.00
2001,102,"Wipkingen",2,"EinElternFamilien",409,37.70,22.70,53.90
2001,111,"Affoltern",0,"Grundtarif",5876,34.30,18.30,51.60
2001,111,"Affoltern",1,"Verheiratet",3643,65.00,46.60,86.70
2001,111,"Affoltern",2,"EinElternFamilien",488,37.00,22.10,52.55
2001,115,"Oerlikon",0,"Grundtarif",7003,39.90,21.00,59.50
2001,115,"Oerlikon",1,"Verheiratet",2665,69.80,47.70,100.40
2001,115,"Oerlikon",2,"EinElternFamilien",408,39.55,23.35,58.75
2001,119,"Seebach",0,"Grundtarif",6073,34.20,18.30,50.80
2001,119,"Seebach",1,"Verheiratet",3279,59.90,42.20,81.30
2001,119,"Seebach",2,"EinElternFamilien",436,34.00,16.40,50.25
2001,121,"Saatlen",0,"Grundtarif",1725,31.00,16.50,45.20
2001,121,"Saatlen",1,"Verheiratet",1269,58.00,41.70,75.90
2001,121,"Saatlen",2,"EinElternFamilien",240,32.65,20.40,45.50
2001,122,"Schwamendingen-Mitte",0,"Grundtarif",3700,32.80,18.30,48.60
2001,122,"Schwamendingen-Mitte",1,"Verheiratet",1870,59.80,41.60,77.70
2001,122,"Schwamendingen-Mitte",2,"EinElternFamilien",257,31.00,14.60,47.40
2001,123,"Hirzenbach",0,"Grundtarif",3569,28.60,15.60,43.60
2001,123,"Hirzenbach",1,"Verheiratet",2162,58.65,43.10,76.40
2001,123,"Hirzenbach",2,"EinElternFamilien",285,33.20,16.70,46.20
2002,11,"Rathaus",0,"Grundtarif",1695,43.60,19.10,72.70
2002,11,"Rathaus",1,"Verheiratet",293,87.00,49.70,145.10
2002,11,"Rathaus",2,"EinElternFamilien",73,54.50,28.80,114.90
2002,12,"Hochschulen",0,"Grundtarif",320,33.00,13.00,61.90
2002,12,"Hochschulen",1,"Verheiratet",72,105.00,57.05,195.20
2002,12,"Hochschulen",2,"EinElternFamilien",13,63.60,44.10,84.10
2002,13,"Lindenhof",0,"Grundtarif",1212,20.90,1.05,44.60
2002,13,"Lindenhof",1,"Verheiratet",126,105.15,60.60,181.00
2002,13,"Lindenhof",2,"EinElternFamilien",34,58.35,25.90,119.00
2002,14,"City",0,"Grundtarif",1306,4.50,0.00,20.30
2002,14,"City",1,"Verheiratet",113,78.00,40.50,100.30
2002,14,"City",2,"EinElternFamilien",34,39.85,25.30,63.00
2002,21,"Wollishofen",0,"Grundtarif",6380,39.20,19.60,59.90
2002,21,"Wollishofen",1,"Verheiratet",2597,73.50,53.10,106.30
2002,21,"Wollishofen",2,"EinElternFamilien",474,42.48,24.80,62.30
2002,23,"Leimbach",0,"Grundtarif",1550,36.20,19.80,54.70
2002,23,"Leimbach",1,"Verheiratet",964,69.15,47.25,95.35
2002,23,"Leimbach",2,"EinElternFamilien",120,47.25,30.40,65.15
2002,24,"Enge",0,"Grundtarif",3579,46.30,21.40,73.70
2002,24,"Enge",1,"Verheiratet",1197,93.20,57.80,147.40
2002,24,"Enge",2,"EinElternFamilien",179,48.80,21.50,84.20
2002,31,"Alt-Wiedikon",0,"Grundtarif",6464,40.30,21.40,60.20
2002,31,"Alt-Wiedikon",1,"Verheiratet",1938,64.50,42.40,95.00
2002,31,"Alt-Wiedikon",2,"EinElternFamilien",318,39.90,21.60,61.50
2002,33,"Friesenberg",0,"Grundtarif",3047,29.60,12.20,47.10
2002,33,"Friesenberg",1,"Verheiratet",1890,64.95,49.30,85.40
2002,33,"Friesenberg",2,"EinElternFamilien",393,38.90,24.50,53.30
2002,34,"Sihlfeld",0,"Grundtarif",9028,35.45,18.80,53.60
2002,34,"Sihlfeld",1,"Verheiratet",2642,58.10,39.00,77.60
2002,34,"Sihlfeld",2,"EinElternFamilien",624,33.65,18.25,48.05
2002,41,"Werd",0,"Grundtarif",1886,38.25,18.20,58.20
2002,41,"Werd",1,"Verheiratet",390,60.00,36.30,82.70
2002,41,"Werd",2,"EinElternFamilien",72,31.45,8.60,57.85
2002,42,"Langstrasse",0,"Grundtarif",5212,32.50,15.20,52.60
2002,42,"Langstrasse",1,"Verheiratet",1042,54.15,35.20,75.50
2002,42,"Langstrasse",2,"EinElternFamilien",252,33.65,14.40,50.05
2002,44,"Hard",0,"Grundtarif",5056,29.60,15.60,45.30
2002,44,"Hard",1,"Verheiratet",1960,55.10,38.30,72.05
2002,44,"Hard",2,"EinElternFamilien",339,33.10,17.40,46.10
2002,51,"Gewerbeschule",0,"Grundtarif",4570,35.70,18.10,55.30
2002,51,"Gewerbeschule",1,"Verheiratet",1090,56.95,38.00,77.60
2002,51,"Gewerbeschule",2,"EinElternFamilien",246,35.05,22.40,47.20
2002,52,"Escher Wyss",0,"Grundtarif",1218,45.05,25.00,64.70
2002,52,"Escher Wyss",1,"Verheiratet",277,68.80,47.00,100.20
2002,52,"Escher Wyss",2,"EinElternFamilien",63,42.10,15.40,68.30
2002,61,"Unterstrass",0,"Grundtarif",8473,40.00,20.80,62.00
2002,61,"Unterstrass",1,"Verheiratet",2803,70.10,50.00,98.60
2002,61,"Unterstrass",2,"EinElternFamilien",590,40.05,24.50,58.50
2002,63,"Oberstrass",0,"Grundtarif",4049,45.50,20.40,73.60
2002,63,"Oberstrass",1,"Verheiratet",1377,103.60,66.70,161.90
2002,63,"Oberstrass",2,"EinElternFamilien",225,55.50,29.70,91.40
2002,71,"Fluntern",0,"Grundtarif",2757,48.10,16.30,81.30
2002,71,"Fluntern",1,"Verheiratet",1166,126.00,77.50,218.70
2002,71,"Fluntern",2,"EinElternFamilien",152,64.90,41.75,121.95
2002,72,"Hottingen",0,"Grundtarif",4493,45.20,20.00,75.00
2002,72,"Hottingen",1,"Verheiratet",1354,106.90,66.60,180.00
2002,72,"Hottingen",2,"EinElternFamilien",253,52.30,30.10,89.20
2002,73,"Hirslanden",0,"Grundtarif",3212,41.90,20.25,67.35
2002,73,"Hirslanden",1,"Verheiratet",947,87.50,57.10,146.60
2002,73,"Hirslanden",2,"EinElternFamilien",185,51.00,35.90,77.10
2002,74,"Witikon",0,"Grundtarif",3694,45.00,21.20,68.90
2002,74,"Witikon",1,"Verheiratet",1882,90.95,58.50,138.10
2002,74,"Witikon",2,"EinElternFamilien",221,54.10,32.60,84.60
2002,81,"Seefeld",0,"Grundtarif",2672,47.50,23.90,73.85
2002,81,"Seefeld",1,"Verheiratet",517,84.70,52.10,141.60
2002,81,"Seefeld",2,"EinElternFamilien",147,50.30,23.20,83.40
2002,82,"Mühlebach",0,"Grundtarif",2733,43.00,21.30,69.00
2002,82,"Mühlebach",1,"Verheiratet",626,85.95,56.50,129.60
2002,82,"Mühlebach",2,"EinElternFamilien",166,50.15,31.20,74.90
2002,83,"Weinegg",0,"Grundtarif",1945,43.10,19.10,66.10
2002,83,"Weinegg",1,"Verheiratet",697,90.30,61.10,138.10
2002,83,"Weinegg",2,"EinElternFamilien",112,47.95,24.75,67.95
2002,91,"Albisrieden",0,"Grundtarif",6525,37.00,20.90,54.50
2002,91,"Albisrieden",1,"Verheiratet",3123,65.10,48.00,91.20
2002,91,"Albisrieden",2,"EinElternFamilien",409,39.50,23.30,55.00
2002,92,"Altstetten",0,"Grundtarif",10495,36.00,19.20,52.80
2002,92,"Altstetten",1,"Verheiratet",5346,62.40,46.10,82.80
2002,92,"Altstetten",2,"EinElternFamilien",750,35.45,19.40,50.00
2002,101,"Höngg",0,"Grundtarif",8013,45.10,23.40,66.60
2002,101,"Höngg",1,"Verheiratet",3829,80.00,57.60,116.10
2002,101,"Höngg",2,"EinElternFamilien",515,45.60,29.10,65.50
2002,102,"Wipkingen",0,"Grundtarif",7016,38.70,19.60,58.40
2002,102,"Wipkingen",1,"Verheiratet",1966,64.10,44.80,88.90
2002,102,"Wipkingen",2,"EinElternFamilien",418,40.55,21.90,57.21
2002,111,"Affoltern",0,"Grundtarif",5890,35.00,18.20,51.80
2002,111,"Affoltern",1,"Verheiratet",3594,65.15,46.70,87.00
2002,111,"Affoltern",2,"EinElternFamilien",509,37.00,22.60,55.40
2002,115,"Oerlikon",0,"Grundtarif",7209,40.00,20.20,59.50
2002,115,"Oerlikon",1,"Verheiratet",2689,69.60,47.30,99.40
2002,115,"Oerlikon",2,"EinElternFamilien",442,40.00,22.40,59.80
2002,119,"Seebach",0,"Grundtarif",6343,34.50,17.80,51.00
2002,119,"Seebach",1,"Verheiratet",3343,59.80,42.90,81.40
2002,119,"Seebach",2,"EinElternFamilien",485,33.60,15.10,51.60
2002,121,"Saatlen",0,"Grundtarif",1801,30.30,15.80,45.20
2002,121,"Saatlen",1,"Verheiratet",1310,58.10,42.40,75.50
2002,121,"Saatlen",2,"EinElternFamilien",250,31.65,17.90,43.70
2002,122,"Schwamendingen-Mitte",0,"Grundtarif",3679,33.00,18.30,48.80
2002,122,"Schwamendingen-Mitte",1,"Verheiratet",1837,58.50,40.30,77.90
2002,122,"Schwamendingen-Mitte",2,"EinElternFamilien",263,34.00,16.20,48.10
2002,123,"Hirzenbach",0,"Grundtarif",3596,28.85,15.00,43.70
2002,123,"Hirzenbach",1,"Verheiratet",2195,58.50,42.80,75.90
2002,123,"Hirzenbach",2,"EinElternFamilien",299,33.70,18.80,46.80
2003,11,"Rathaus",0,"Grundtarif",1695,44.80,18.90,73.60
2003,11,"Rathaus",1,"Verheiratet",293,88.40,51.70,142.80
2003,11,"Rathaus",2,"EinElternFamilien",81,52.40,32.60,109.70
2003,12,"Hochschulen",0,"Grundtarif",310,31.95,12.15,61.30
2003,12,"Hochschulen",1,"Verheiratet",74,98.10,56.40,205.60
2003,12,"Hochschulen",2,"EinElternFamilien",14,58.95,26.90,105.20
2003,13,"Lindenhof",0,"Grundtarif",1196,21.30,0.65,45.65
2003,13,"Lindenhof",1,"Verheiratet",125,106.20,49.20,171.20
2003,13,"Lindenhof",2,"EinElternFamilien",38,52.90,2.00,90.30
2003,14,"City",0,"Grundtarif",974,5.75,0.00,23.40
2003,14,"City",1,"Verheiratet",105,78.90,48.10,113.30
2003,14,"City",2,"EinElternFamilien",30,35.50,21.40,54.70
2003,21,"Wollishofen",0,"Grundtarif",6342,38.90,20.00,59.40
2003,21,"Wollishofen",1,"Verheiratet",2519,73.60,52.40,105.90
2003,21,"Wollishofen",2,"EinElternFamilien",486,42.10,22.80,64.30
2003,23,"Leimbach",0,"Grundtarif",1687,34.50,18.00,53.70
2003,23,"Leimbach",1,"Verheiratet",967,68.30,48.70,95.30
2003,23,"Leimbach",2,"EinElternFamilien",117,43.00,24.40,65.30
2003,24,"Enge",0,"Grundtarif",3618,46.90,22.10,72.60
2003,24,"Enge",1,"Verheiratet",1184,90.10,56.90,149.45
2003,24,"Enge",2,"EinElternFamilien",194,46.90,24.00,92.00
2003,31,"Alt-Wiedikon",0,"Grundtarif",6485,40.00,21.50,60.00
2003,31,"Alt-Wiedikon",1,"Verheiratet",1879,64.60,41.80,94.40
2003,31,"Alt-Wiedikon",2,"EinElternFamilien",320,39.70,22.90,59.40
2003,33,"Friesenberg",0,"Grundtarif",3075,29.60,12.20,46.30
2003,33,"Friesenberg",1,"Verheiratet",1927,63.80,47.80,83.80
2003,33,"Friesenberg",2,"EinElternFamilien",420,39.50,22.80,51.10
2003,34,"Sihlfeld",0,"Grundtarif",9030,35.40,18.60,53.60
2003,34,"Sihlfeld",1,"Verheiratet",2618,57.45,38.80,76.20
2003,34,"Sihlfeld",2,"EinElternFamilien",622,32.25,17.70,48.50
2003,41,"Werd",0,"Grundtarif",1885,37.70,18.50,58.40
2003,41,"Werd",1,"Verheiratet",350,60.15,36.30,85.80
2003,41,"Werd",2,"EinElternFamilien",75,30.10,11.00,49.80
2003,42,"Langstrasse",0,"Grundtarif",5175,33.60,15.50,53.00
2003,42,"Langstrasse",1,"Verheiratet",1012,54.70,34.45,77.35
2003,42,"Langstrasse",2,"EinElternFamilien",216,34.95,17.35,49.00
2003,44,"Hard",0,"Grundtarif",5107,29.90,15.80,45.20
2003,44,"Hard",1,"Verheiratet",1890,54.20,37.00,71.50
2003,44,"Hard",2,"EinElternFamilien",353,32.20,15.30,45.70
2003,51,"Gewerbeschule",0,"Grundtarif",4495,36.70,17.90,55.50
2003,51,"Gewerbeschule",1,"Verheiratet",1067,58.00,38.70,76.50
2003,51,"Gewerbeschule",2,"EinElternFamilien",249,33.90,18.90,48.20
2003,52,"Escher Wyss",0,"Grundtarif",1227,47.00,25.20,67.70
2003,52,"Escher Wyss",1,"Verheiratet",288,71.85,47.50,101.85
2003,52,"Escher Wyss",2,"EinElternFamilien",60,49.90,27.90,73.70
2003,61,"Unterstrass",0,"Grundtarif",8482,40.25,20.80,61.70
2003,61,"Unterstrass",1,"Verheiratet",2765,70.10,49.20,99.50
2003,61,"Unterstrass",2,"EinElternFamilien",616,39.70,24.00,59.05
2003,63,"Oberstrass",0,"Grundtarif",4056,45.20,20.00,71.50
2003,63,"Oberstrass",1,"Verheiratet",1349,106.40,66.60,171.30
2003,63,"Oberstrass",2,"EinElternFamilien",230,58.90,33.10,87.60
2003,71,"Fluntern",0,"Grundtarif",2767,47.90,16.10,81.50
2003,71,"Fluntern",1,"Verheiratet",1164,128.00,76.10,218.35
2003,71,"Fluntern",2,"EinElternFamilien",162,64.65,38.90,113.70
2003,72,"Hottingen",0,"Grundtarif",4476,45.40,19.15,74.85
2003,72,"Hottingen",1,"Verheiratet",1380,109.30,66.60,182.80
2003,72,"Hottingen",2,"EinElternFamilien",266,52.25,30.00,84.30
2003,73,"Hirslanden",0,"Grundtarif",3252,42.20,19.30,67.90
2003,73,"Hirslanden",1,"Verheiratet",969,88.80,59.60,144.90
2003,73,"Hirslanden",2,"EinElternFamilien",203,51.10,30.90,80.60
2003,74,"Witikon",0,"Grundtarif",3702,43.90,20.30,67.80
2003,74,"Witikon",1,"Verheiratet",1863,90.10,58.30,137.30
2003,74,"Witikon",2,"EinElternFamilien",223,53.60,30.90,84.10
2003,81,"Seefeld",0,"Grundtarif",2636,47.40,22.60,72.20
2003,81,"Seefeld",1,"Verheiratet",508,88.95,53.80,143.70
2003,81,"Seefeld",2,"EinElternFamilien",144,50.00,28.40,89.55
2003,82,"Mühlebach",0,"Grundtarif",2741,44.20,21.50,69.30
2003,82,"Mühlebach",1,"Verheiratet",619,87.10,54.00,136.60
2003,82,"Mühlebach",2,"EinElternFamilien",164,49.90,30.95,68.80
2003,83,"Weinegg",0,"Grundtarif",1965,44.60,19.30,67.90
2003,83,"Weinegg",1,"Verheiratet",679,88.30,62.10,132.90
2003,83,"Weinegg",2,"EinElternFamilien",113,50.40,25.80,65.30
2003,91,"Albisrieden",0,"Grundtarif",6696,36.70,20.60,54.40
2003,91,"Albisrieden",1,"Verheiratet",3117,65.00,48.00,89.90
2003,91,"Albisrieden",2,"EinElternFamilien",438,37.55,21.90,54.20
2003,92,"Altstetten",0,"Grundtarif",10460,36.40,19.60,53.10
2003,92,"Altstetten",1,"Verheiratet",5179,61.30,45.20,82.50
2003,92,"Altstetten",2,"EinElternFamilien",741,36.30,20.20,50.50
2003,101,"Höngg",0,"Grundtarif",8185,45.00,22.70,66.00
2003,101,"Höngg",1,"Verheiratet",3781,79.40,57.20,115.20
2003,101,"Höngg",2,"EinElternFamilien",557,45.10,29.00,64.80
2003,102,"Wipkingen",0,"Grundtarif",7239,38.20,18.50,58.10
2003,102,"Wipkingen",1,"Verheiratet",1915,64.60,46.10,90.70
2003,102,"Wipkingen",2,"EinElternFamilien",454,40.20,20.80,56.50
2003,111,"Affoltern",0,"Grundtarif",5957,34.40,17.80,51.10
2003,111,"Affoltern",1,"Verheiratet",3594,64.75,45.90,88.00
2003,111,"Affoltern",2,"EinElternFamilien",518,37.30,21.40,52.40
2003,115,"Oerlikon",0,"Grundtarif",7368,39.60,20.00,59.00
2003,115,"Oerlikon",1,"Verheiratet",2740,69.05,47.70,99.15
2003,115,"Oerlikon",2,"EinElternFamilien",430,39.00,20.00,57.20
2003,119,"Seebach",0,"Grundtarif",6562,34.70,17.80,51.40
2003,119,"Seebach",1,"Verheiratet",3397,60.40,42.50,80.60
2003,119,"Seebach",2,"EinElternFamilien",524,34.45,19.30,50.70
2003,121,"Saatlen",0,"Grundtarif",1778,30.45,15.00,44.50
2003,121,"Saatlen",1,"Verheiratet",1304,57.40,41.45,75.50
2003,121,"Saatlen",2,"EinElternFamilien",254,31.90,19.10,45.50
2003,122,"Schwamendingen-Mitte",0,"Grundtarif",3669,32.50,18.30,48.30
2003,122,"Schwamendingen-Mitte",1,"Verheiratet",1795,58.40,41.00,77.60
2003,122,"Schwamendingen-Mitte",2,"EinElternFamilien",274,30.70,12.70,45.50
2003,123,"Hirzenbach",0,"Grundtarif",3587,29.60,15.00,43.80
2003,123,"Hirzenbach",1,"Verheiratet",2158,58.60,42.30,74.70
2003,123,"Hirzenbach",2,"EinElternFamilien",286,32.35,18.70,46.60
2004,11,"Rathaus",0,"Grundtarif",1692,41.60,16.50,71.70
2004,11,"Rathaus",1,"Verheiratet",288,97.35,59.65,149.50
2004,11,"Rathaus",2,"EinElternFamilien",76,54.80,33.75,100.20
2004,12,"Hochschulen",0,"Grundtarif",297,32.70,12.10,60.30
2004,12,"Hochschulen",1,"Verheiratet",76,100.65,53.70,198.40
2004,12,"Hochschulen",2,"EinElternFamilien",16,66.90,29.75,131.45
2004,13,"Lindenhof",0,"Grundtarif",1219,20.00,0.00,46.00
2004,13,"Lindenhof",1,"Verheiratet",130,98.70,48.60,164.40
2004,13,"Lindenhof",2,"EinElternFamilien",34,61.10,29.60,120.10
2004,14,"City",0,"Grundtarif",646,12.10,0.00,38.20
2004,14,"City",1,"Verheiratet",96,79.05,49.60,118.80
2004,14,"City",2,"EinElternFamilien",30,39.05,25.10,58.30
2004,21,"Wollishofen",0,"Grundtarif",6459,38.50,18.90,59.40
2004,21,"Wollishofen",1,"Verheiratet",2476,74.10,52.30,108.30
2004,21,"Wollishofen",2,"EinElternFamilien",500,41.15,24.95,63.00
2004,23,"Leimbach",0,"Grundtarif",1684,34.00,17.95,52.60
2004,23,"Leimbach",1,"Verheiratet",949,68.20,45.70,94.00
2004,23,"Leimbach",2,"EinElternFamilien",121,41.00,20.30,58.30
2004,24,"Enge",0,"Grundtarif",3630,46.80,21.30,74.60
2004,24,"Enge",1,"Verheiratet",1189,92.20,57.70,149.50
2004,24,"Enge",2,"EinElternFamilien",189,46.20,24.00,90.90
2004,31,"Alt-Wiedikon",0,"Grundtarif",6473,40.10,20.70,60.80
2004,31,"Alt-Wiedikon",1,"Verheiratet",1859,65.60,41.80,96.10
2004,31,"Alt-Wiedikon",2,"EinElternFamilien",334,43.35,22.00,66.30
2004,33,"Friesenberg",0,"Grundtarif",3064,28.40,10.15,46.90
2004,33,"Friesenberg",1,"Verheiratet",1923,63.50,46.90,85.40
2004,33,"Friesenberg",2,"EinElternFamilien",419,38.70,22.10,54.90
2004,34,"Sihlfeld",0,"Grundtarif",9082,35.40,18.40,53.60
2004,34,"Sihlfeld",1,"Verheiratet",2602,56.60,36.90,76.90
2004,34,"Sihlfeld",2,"EinElternFamilien",620,33.30,16.25,48.15
2004,41,"Werd",0,"Grundtarif",1903,38.60,17.70,59.60
2004,41,"Werd",1,"Verheiratet",367,55.20,34.40,89.20
2004,41,"Werd",2,"EinElternFamilien",60,33.60,21.15,59.25
2004,42,"Langstrasse",0,"Grundtarif",5207,32.80,15.00,54.50
2004,42,"Langstrasse",1,"Verheiratet",970,51.70,31.10,76.40
2004,42,"Langstrasse",2,"EinElternFamilien",220,34.10,18.00,51.50
2004,44,"Hard",0,"Grundtarif",5110,29.80,15.30,45.00
2004,44,"Hard",1,"Verheiratet",1851,53.00,36.20,70.00
2004,44,"Hard",2,"EinElternFamilien",356,30.00,10.75,46.30
2004,51,"Gewerbeschule",0,"Grundtarif",4707,35.10,14.70,55.20
2004,51,"Gewerbeschule",1,"Verheiratet",1048,56.30,39.05,76.60
2004,51,"Gewerbeschule",2,"EinElternFamilien",249,33.70,16.40,49.20
2004,52,"Escher Wyss",0,"Grundtarif",1296,47.10,23.95,68.80
2004,52,"Escher Wyss",1,"Verheiratet",309,73.10,47.90,109.90
2004,52,"Escher Wyss",2,"EinElternFamilien",55,40.50,15.30,60.80
2004,61,"Unterstrass",0,"Grundtarif",8467,40.40,20.50,62.80
2004,61,"Unterstrass",1,"Verheiratet",2740,70.00,49.30,101.40
2004,61,"Unterstrass",2,"EinElternFamilien",627,41.90,24.20,61.50
2004,63,"Oberstrass",0,"Grundtarif",3943,45.50,19.80,73.10
2004,63,"Oberstrass",1,"Verheiratet",1322,106.20,64.50,173.10
2004,63,"Oberstrass",2,"EinElternFamilien",236,60.80,33.85,101.30
2004,71,"Fluntern",0,"Grundtarif",2795,48.70,16.40,82.50
2004,71,"Fluntern",1,"Verheiratet",1191,130.60,77.30,229.00
2004,71,"Fluntern",2,"EinElternFamilien",186,69.20,44.10,105.80
2004,72,"Hottingen",0,"Grundtarif",4417,45.70,19.00,75.00
2004,72,"Hottingen",1,"Verheiratet",1374,110.00,65.90,186.90
2004,72,"Hottingen",2,"EinElternFamilien",281,58.90,31.00,96.10
2004,73,"Hirslanden",0,"Grundtarif",3172,42.70,20.00,68.10
2004,73,"Hirslanden",1,"Verheiratet",984,89.85,59.40,153.90
2004,73,"Hirslanden",2,"EinElternFamilien",209,54.70,32.00,79.40
2004,74,"Witikon",0,"Grundtarif",3791,42.60,20.00,68.00
2004,74,"Witikon",1,"Verheiratet",1865,89.90,58.10,136.80
2004,74,"Witikon",2,"EinElternFamilien",252,52.95,31.30,81.70
2004,81,"Seefeld",0,"Grundtarif",2635,47.20,22.20,73.20
2004,81,"Seefeld",1,"Verheiratet",507,87.50,55.20,139.40
2004,81,"Seefeld",2,"EinElternFamilien",139,50.10,30.10,76.50
2004,82,"Mühlebach",0,"Grundtarif",2751,43.30,19.80,70.00
2004,82,"Mühlebach",1,"Verheiratet",635,86.70,55.20,140.40
2004,82,"Mühlebach",2,"EinElternFamilien",174,47.00,28.00,69.00
2004,83,"Weinegg",0,"Grundtarif",2005,43.60,17.90,66.20
2004,83,"Weinegg",1,"Verheiratet",682,87.80,59.70,134.20
2004,83,"Weinegg",2,"EinElternFamilien",114,50.50,30.00,70.70
2004,91,"Albisrieden",0,"Grundtarif",6855,36.40,20.00,53.90
2004,91,"Albisrieden",1,"Verheiratet",3062,65.00,47.30,90.60
2004,91,"Albisrieden",2,"EinElternFamilien",470,36.65,21.70,53.70
2004,92,"Altstetten",0,"Grundtarif",10563,35.90,18.70,53.00
2004,92,"Altstetten",1,"Verheiratet",5130,61.20,44.40,83.00
2004,92,"Altstetten",2,"EinElternFamilien",776,36.15,20.50,50.95
2004,101,"Höngg",0,"Grundtarif",8177,44.10,22.10,65.10
2004,101,"Höngg",1,"Verheiratet",3750,79.90,56.80,117.10
2004,101,"Höngg",2,"EinElternFamilien",573,44.30,27.80,62.50
2004,102,"Wipkingen",0,"Grundtarif",7315,38.40,18.30,57.90
2004,102,"Wipkingen",1,"Verheiratet",1886,64.70,45.00,89.90
2004,102,"Wipkingen",2,"EinElternFamilien",453,40.40,24.30,57.40
2004,111,"Affoltern",0,"Grundtarif",6062,34.10,17.50,51.30
2004,111,"Affoltern",1,"Verheiratet",3553,64.60,45.60,87.50
2004,111,"Affoltern",2,"EinElternFamilien",501,35.70,20.20,53.70
2004,115,"Oerlikon",0,"Grundtarif",7569,38.50,18.30,58.90
2004,115,"Oerlikon",1,"Verheiratet",2735,69.90,46.30,99.30
2004,115,"Oerlikon",2,"EinElternFamilien",452,38.00,18.20,56.65
2004,119,"Seebach",0,"Grundtarif",6535,34.00,16.80,51.00
2004,119,"Seebach",1,"Verheiratet",3395,60.10,41.70,81.30
2004,119,"Seebach",2,"EinElternFamilien",516,35.65,15.70,51.10
2004,121,"Saatlen",0,"Grundtarif",1777,29.70,13.30,44.30
2004,121,"Saatlen",1,"Verheiratet",1293,56.90,39.80,74.70
2004,121,"Saatlen",2,"EinElternFamilien",273,30.00,19.00,44.00
2004,122,"Schwamendingen-Mitte",0,"Grundtarif",3622,31.90,18.10,47.70
2004,122,"Schwamendingen-Mitte",1,"Verheiratet",1755,57.20,40.00,77.30
2004,122,"Schwamendingen-Mitte",2,"EinElternFamilien",259,31.30,12.30,47.70
2004,123,"Hirzenbach",0,"Grundtarif",3518,29.00,14.70,42.50
2004,123,"Hirzenbach",1,"Verheiratet",2115,58.10,41.40,75.10
2004,123,"Hirzenbach",2,"EinElternFamilien",310,31.80,15.30,44.70
2005,11,"Rathaus",0,"Grundtarif",1642,43.60,17.40,73.90
2005,11,"Rathaus",1,"Verheiratet",296,100.15,62.60,156.50
2005,11,"Rathaus",2,"EinElternFamilien",63,46.80,32.20,96.10
2005,12,"Hochschulen",0,"Grundtarif",293,32.50,12.10,62.60
2005,12,"Hochschulen",1,"Verheiratet",70,102.35,50.90,191.20
2005,12,"Hochschulen",2,"EinElternFamilien",11,55.70,28.50,113.70
2005,13,"Lindenhof",0,"Grundtarif",1232,21.35,0.00,49.85
2005,13,"Lindenhof",1,"Verheiratet",132,102.00,59.20,181.70
2005,13,"Lindenhof",2,"EinElternFamilien",25,54.50,32.00,76.60
2005,14,"City",0,"Grundtarif",587,14.20,0.00,50.60
2005,14,"City",1,"Verheiratet",93,80.80,50.40,117.90
2005,14,"City",2,"EinElternFamilien",33,32.90,19.30,60.00
2005,21,"Wollishofen",0,"Grundtarif",6552,38.50,18.10,60.10
2005,21,"Wollishofen",1,"Verheiratet",2469,74.30,51.90,109.50
2005,21,"Wollishofen",2,"EinElternFamilien",507,41.00,25.00,63.40
2005,23,"Leimbach",0,"Grundtarif",1712,35.00,18.50,53.95
2005,23,"Leimbach",1,"Verheiratet",945,70.10,49.00,98.20
2005,23,"Leimbach",2,"EinElternFamilien",120,43.60,19.85,63.35
2005,24,"Enge",0,"Grundtarif",3624,48.05,22.30,76.80
2005,24,"Enge",1,"Verheiratet",1204,96.85,59.00,160.80
2005,24,"Enge",2,"EinElternFamilien",189,49.50,22.50,88.70
2005,31,"Alt-Wiedikon",0,"Grundtarif",6633,42.10,22.30,63.20
2005,31,"Alt-Wiedikon",1,"Verheiratet",1879,65.90,41.90,99.70
2005,31,"Alt-Wiedikon",2,"EinElternFamilien",333,41.90,20.00,62.50
2005,33,"Friesenberg",0,"Grundtarif",3072,28.10,9.30,47.00
2005,33,"Friesenberg",1,"Verheiratet",1902,63.75,47.40,85.10
2005,33,"Friesenberg",2,"EinElternFamilien",422,38.75,24.30,55.00
2005,34,"Sihlfeld",0,"Grundtarif",9145,35.60,17.90,54.30
2005,34,"Sihlfeld",1,"Verheiratet",2547,55.70,36.10,77.40
2005,34,"Sihlfeld",2,"EinElternFamilien",599,34.40,15.60,50.00
2005,41,"Werd",0,"Grundtarif",1975,39.50,19.00,60.60
2005,41,"Werd",1,"Verheiratet",364,58.20,31.85,88.65
2005,41,"Werd",2,"EinElternFamilien",62,42.05,23.50,71.40
2005,42,"Langstrasse",0,"Grundtarif",5329,33.60,14.50,55.40
2005,42,"Langstrasse",1,"Verheiratet",953,52.00,31.30,74.60
2005,42,"Langstrasse",2,"EinElternFamilien",204,30.70,10.95,47.70
2005,44,"Hard",0,"Grundtarif",5185,29.10,14.60,45.70
2005,44,"Hard",1,"Verheiratet",1793,52.10,34.80,70.10
2005,44,"Hard",2,"EinElternFamilien",339,27.60,10.80,44.00
2005,51,"Gewerbeschule",0,"Grundtarif",4715,35.50,15.80,57.00
2005,51,"Gewerbeschule",1,"Verheiratet",1060,56.20,38.05,77.30
2005,51,"Gewerbeschule",2,"EinElternFamilien",239,36.20,22.70,52.20
2005,52,"Escher Wyss",0,"Grundtarif",1346,46.70,24.40,70.80
2005,52,"Escher Wyss",1,"Verheiratet",314,72.75,44.40,117.70
2005,52,"Escher Wyss",2,"EinElternFamilien",68,45.60,28.50,69.75
2005,61,"Unterstrass",0,"Grundtarif",8419,41.20,21.20,64.00
2005,61,"Unterstrass",1,"Verheiratet",2743,70.70,49.90,104.70
2005,61,"Unterstrass",2,"EinElternFamilien",612,40.10,23.80,59.80
2005,63,"Oberstrass",0,"Grundtarif",3924,46.40,20.40,76.00
2005,63,"Oberstrass",1,"Verheiratet",1312,109.35,67.75,173.25
2005,63,"Oberstrass",2,"EinElternFamilien",211,56.90,30.70,95.10
2005,71,"Fluntern",0,"Grundtarif",2791,49.90,16.20,86.40
2005,71,"Fluntern",1,"Verheiratet",1196,138.55,78.90,244.20
2005,71,"Fluntern",2,"EinElternFamilien",170,61.35,38.40,95.10
2005,72,"Hottingen",0,"Grundtarif",4448,46.85,20.00,76.40
2005,72,"Hottingen",1,"Verheiratet",1406,115.85,68.70,196.50
2005,72,"Hottingen",2,"EinElternFamilien",268,60.80,38.35,96.45
2005,73,"Hirslanden",0,"Grundtarif",3210,43.60,20.70,68.10
2005,73,"Hirslanden",1,"Verheiratet",977,92.70,59.80,158.10
2005,73,"Hirslanden",2,"EinElternFamilien",201,50.00,27.80,78.60
2005,74,"Witikon",0,"Grundtarif",3844,43.25,18.95,66.90
2005,74,"Witikon",1,"Verheiratet",1880,92.20,58.80,140.80
2005,74,"Witikon",2,"EinElternFamilien",257,52.80,32.40,85.10
2005,81,"Seefeld",0,"Grundtarif",2589,48.70,23.50,76.70
2005,81,"Seefeld",1,"Verheiratet",515,90.90,54.60,138.30
2005,81,"Seefeld",2,"EinElternFamilien",131,49.80,29.70,84.70
2005,82,"Mühlebach",0,"Grundtarif",2813,45.00,20.30,71.40
2005,82,"Mühlebach",1,"Verheiratet",613,92.90,56.70,140.60
2005,82,"Mühlebach",2,"EinElternFamilien",176,50.10,27.60,70.10
2005,83,"Weinegg",0,"Grundtarif",1996,43.50,17.70,66.05
2005,83,"Weinegg",1,"Verheiratet",686,90.30,62.30,142.20
2005,83,"Weinegg",2,"EinElternFamilien",121,49.80,32.20,71.00
2005,91,"Albisrieden",0,"Grundtarif",7035,35.90,19.30,54.90
2005,91,"Albisrieden",1,"Verheiratet",3067,66.30,46.80,91.80
2005,91,"Albisrieden",2,"EinElternFamilien",443,38.60,20.40,57.10
2005,92,"Altstetten",0,"Grundtarif",10661,35.70,18.00,53.20
2005,92,"Altstetten",1,"Verheiratet",5095,61.00,44.00,82.60
2005,92,"Altstetten",2,"EinElternFamilien",744,35.05,18.25,51.55
2005,101,"Höngg",0,"Grundtarif",8280,44.60,22.45,66.98
2005,101,"Höngg",1,"Verheiratet",3720,81.90,57.70,120.65
2005,101,"Höngg",2,"EinElternFamilien",568,43.80,27.65,65.00
2005,102,"Wipkingen",0,"Grundtarif",7431,38.40,18.00,58.50
2005,102,"Wipkingen",1,"Verheiratet",1848,65.40,45.20,93.70
2005,102,"Wipkingen",2,"EinElternFamilien",429,41.30,24.30,59.70
2005,111,"Affoltern",0,"Grundtarif",6088,34.70,17.80,52.00
2005,111,"Affoltern",1,"Verheiratet",3484,64.30,45.30,87.30
2005,111,"Affoltern",2,"EinElternFamilien",502,35.00,17.70,50.00
2005,115,"Oerlikon",0,"Grundtarif",7760,38.20,18.20,60.00
2005,115,"Oerlikon",1,"Verheiratet",2730,69.70,46.90,102.40
2005,115,"Oerlikon",2,"EinElternFamilien",453,38.00,20.00,58.40
2005,119,"Seebach",0,"Grundtarif",6768,34.20,16.65,51.90
2005,119,"Seebach",1,"Verheiratet",3384,60.50,41.20,82.20
2005,119,"Seebach",2,"EinElternFamilien",543,32.80,13.00,49.90
2005,121,"Saatlen",0,"Grundtarif",1776,29.25,13.55,45.00
2005,121,"Saatlen",1,"Verheiratet",1263,55.80,39.00,75.00
2005,121,"Saatlen",2,"EinElternFamilien",274,33.30,19.60,47.10
2005,122,"Schwamendingen-Mitte",0,"Grundtarif",3574,31.15,16.50,47.80
2005,122,"Schwamendingen-Mitte",1,"Verheiratet",1757,56.40,38.60,76.20
2005,122,"Schwamendingen-Mitte",2,"EinElternFamilien",289,28.00,8.60,43.60
2005,123,"Hirzenbach",0,"Grundtarif",3558,28.30,13.70,42.90
2005,123,"Hirzenbach",1,"Verheiratet",2067,57.30,40.00,74.10
2005,123,"Hirzenbach",2,"EinElternFamilien",315,32.80,14.00,46.80
2006,11,"Rathaus",0,"Grundtarif",1598,44.80,19.00,73.40
2006,11,"Rathaus",1,"Verheiratet",304,105.65,61.85,164.75
2006,11,"Rathaus",2,"EinElternFamilien",63,39.30,17.20,83.10
2006,12,"Hochschulen",0,"Grundtarif",294,32.05,12.10,71.00
2006,12,"Hochschulen",1,"Verheiratet",74,96.65,50.40,203.50
2006,12,"Hochschulen",2,"EinElternFamilien",11,38.50,10.80,102.30
2006,13,"Lindenhof",0,"Grundtarif",1200,21.70,0.00,51.80
2006,13,"Lindenhof",1,"Verheiratet",136,95.55,49.75,171.00
2006,13,"Lindenhof",2,"EinElternFamilien",29,93.40,35.60,158.80
2006,14,"City",0,"Grundtarif",579,11.30,0.00,45.10
2006,14,"City",1,"Verheiratet",105,85.60,56.70,125.90
2006,14,"City",2,"EinElternFamilien",28,34.50,21.65,63.30
2006,21,"Wollishofen",0,"Grundtarif",6540,39.15,19.10,61.00
2006,21,"Wollishofen",1,"Verheiratet",2442,73.80,51.80,111.60
2006,21,"Wollishofen",2,"EinElternFamilien",512,38.45,22.65,60.85
2006,23,"Leimbach",0,"Grundtarif",1734,35.50,19.30,55.00
2006,23,"Leimbach",1,"Verheiratet",965,69.20,46.20,96.90
2006,23,"Leimbach",2,"EinElternFamilien",115,38.90,20.00,58.00
2006,24,"Enge",0,"Grundtarif",3586,48.95,22.80,77.30
2006,24,"Enge",1,"Verheiratet",1197,95.70,58.00,160.90
2006,24,"Enge",2,"EinElternFamilien",210,48.80,24.00,91.00
2006,31,"Alt-Wiedikon",0,"Grundtarif",6706,43.50,22.20,65.30
2006,31,"Alt-Wiedikon",1,"Verheiratet",1924,64.90,38.20,102.75
2006,31,"Alt-Wiedikon",2,"EinElternFamilien",346,40.05,19.40,60.70
2006,33,"Friesenberg",0,"Grundtarif",3109,28.70,9.40,48.10
2006,33,"Friesenberg",1,"Verheiratet",1895,62.10,44.60,84.80
2006,33,"Friesenberg",2,"EinElternFamilien",403,36.50,19.90,51.40
2006,34,"Sihlfeld",0,"Grundtarif",9175,36.60,18.40,55.50
2006,34,"Sihlfeld",1,"Verheiratet",2469,54.40,35.60,77.30
2006,34,"Sihlfeld",2,"EinElternFamilien",585,31.40,14.20,48.00
2006,41,"Werd",0,"Grundtarif",1950,40.00,19.30,62.10
2006,41,"Werd",1,"Verheiratet",373,56.60,28.80,89.60
2006,41,"Werd",2,"EinElternFamilien",62,43.75,26.30,70.10
2006,42,"Langstrasse",0,"Grundtarif",5469,34.90,15.00,56.60
2006,42,"Langstrasse",1,"Verheiratet",923,49.00,29.90,72.90
2006,42,"Langstrasse",2,"EinElternFamilien",168,32.00,12.60,55.75
2006,44,"Hard",0,"Grundtarif",5161,29.60,15.00,46.30
2006,44,"Hard",1,"Verheiratet",1739,50.00,33.20,68.30
2006,44,"Hard",2,"EinElternFamilien",330,25.90,8.20,40.80
2006,51,"Gewerbeschule",0,"Grundtarif",4779,36.20,16.50,58.00
2006,51,"Gewerbeschule",1,"Verheiratet",1065,56.20,37.10,75.80
2006,51,"Gewerbeschule",2,"EinElternFamilien",240,34.15,18.70,51.50
2006,52,"Escher Wyss",0,"Grundtarif",1493,50.50,26.90,74.70
2006,52,"Escher Wyss",1,"Verheiratet",322,75.10,47.80,120.10
2006,52,"Escher Wyss",2,"EinElternFamilien",67,42.60,20.00,67.30
2006,61,"Unterstrass",0,"Grundtarif",8455,41.00,20.90,64.70
2006,61,"Unterstrass",1,"Verheiratet",2687,70.80,49.50,105.70
2006,61,"Unterstrass",2,"EinElternFamilien",616,38.30,22.65,58.00
2006,63,"Oberstrass",0,"Grundtarif",3969,48.20,22.10,77.30
2006,63,"Oberstrass",1,"Verheiratet",1328,109.45,68.40,179.70
2006,63,"Oberstrass",2,"EinElternFamilien",225,54.50,29.00,88.10
2006,71,"Fluntern",0,"Grundtarif",2790,51.45,17.10,91.00
2006,71,"Fluntern",1,"Verheiratet",1197,140.60,80.70,250.00
2006,71,"Fluntern",2,"EinElternFamilien",186,60.05,37.50,96.60
2006,72,"Hottingen",0,"Grundtarif",4527,47.40,20.00,78.70
2006,72,"Hottingen",1,"Verheiratet",1426,118.90,69.60,203.10
2006,72,"Hottingen",2,"EinElternFamilien",256,57.10,35.80,94.25
2006,73,"Hirslanden",0,"Grundtarif",3259,43.00,20.40,68.80
2006,73,"Hirslanden",1,"Verheiratet",960,94.90,59.55,166.90
2006,73,"Hirslanden",2,"EinElternFamilien",189,51.70,30.00,79.50
2006,74,"Witikon",0,"Grundtarif",3869,44.30,19.90,69.80
2006,74,"Witikon",1,"Verheiratet",1879,91.00,59.20,140.70
2006,74,"Witikon",2,"EinElternFamilien",249,54.30,31.00,81.80
2006,81,"Seefeld",0,"Grundtarif",2525,50.40,24.00,77.90
2006,81,"Seefeld",1,"Verheiratet",498,98.75,59.40,158.30
2006,81,"Seefeld",2,"EinElternFamilien",137,47.20,29.90,69.10
2006,82,"Mühlebach",0,"Grundtarif",2752,46.45,21.50,73.90
2006,82,"Mühlebach",1,"Verheiratet",609,93.20,57.50,143.80
2006,82,"Mühlebach",2,"EinElternFamilien",172,49.45,29.35,71.35
2006,83,"Weinegg",0,"Grundtarif",1965,44.20,17.40,67.80
2006,83,"Weinegg",1,"Verheiratet",694,88.05,59.30,151.70
2006,83,"Weinegg",2,"EinElternFamilien",119,43.30,30.00,72.40
2006,91,"Albisrieden",0,"Grundtarif",7132,36.80,19.60,55.60
2006,91,"Albisrieden",1,"Verheiratet",3068,65.20,45.50,91.95
2006,91,"Albisrieden",2,"EinElternFamilien",444,36.70,18.50,56.35
2006,92,"Altstetten",0,"Grundtarif",10908,36.40,18.30,54.10
2006,92,"Altstetten",1,"Verheiratet",5075,59.80,41.30,81.90
2006,92,"Altstetten",2,"EinElternFamilien",720,32.65,17.15,49.70
2006,101,"Höngg",0,"Grundtarif",8379,45.50,23.10,68.10
2006,101,"Höngg",1,"Verheiratet",3751,81.20,56.70,120.90
2006,101,"Höngg",2,"EinElternFamilien",546,41.00,21.70,63.10
2006,102,"Wipkingen",0,"Grundtarif",7443,39.50,18.80,60.00
2006,102,"Wipkingen",1,"Verheiratet",1782,64.90,43.10,92.20
2006,102,"Wipkingen",2,"EinElternFamilien",438,40.15,23.80,56.50
2006,111,"Affoltern",0,"Grundtarif",6148,34.90,17.70,52.20
2006,111,"Affoltern",1,"Verheiratet",3456,62.80,43.20,86.10
2006,111,"Affoltern",2,"EinElternFamilien",521,33.50,14.20,49.00
2006,115,"Oerlikon",0,"Grundtarif",8019,40.00,18.20,61.70
2006,115,"Oerlikon",1,"Verheiratet",2786,69.40,45.40,101.80
2006,115,"Oerlikon",2,"EinElternFamilien",464,37.05,18.80,61.95
2006,119,"Seebach",0,"Grundtarif",7095,34.30,17.00,53.20
2006,119,"Seebach",1,"Verheiratet",3488,59.20,39.00,82.60
2006,119,"Seebach",2,"EinElternFamilien",525,32.50,11.50,48.90
2006,121,"Saatlen",0,"Grundtarif",1825,30.80,14.70,45.60
2006,121,"Saatlen",1,"Verheiratet",1275,54.90,36.80,74.80
2006,121,"Saatlen",2,"EinElternFamilien",251,30.20,13.70,44.40
2006,122,"Schwamendingen-Mitte",0,"Grundtarif",3687,30.60,16.30,47.50
2006,122,"Schwamendingen-Mitte",1,"Verheiratet",1775,54.50,36.40,76.00
2006,122,"Schwamendingen-Mitte",2,"EinElternFamilien",282,24.60,5.70,41.30
2006,123,"Hirzenbach",0,"Grundtarif",3488,29.30,14.50,43.45
2006,123,"Hirzenbach",1,"Verheiratet",2058,55.70,37.50,73.10
2006,123,"Hirzenbach",2,"EinElternFamilien",323,29.50,7.80,41.40
2007,11,"Rathaus",0,"Grundtarif",1608,45.25,18.85,79.70
2007,11,"Rathaus",1,"Verheiratet",302,108.15,60.80,167.20
2007,11,"Rathaus",2,"EinElternFamilien",60,40.85,18.15,79.10
2007,12,"Hochschulen",0,"Grundtarif",283,39.90,15.00,71.90
2007,12,"Hochschulen",1,"Verheiratet",74,101.00,51.80,244.30
2007,12,"Hochschulen",2,"EinElternFamilien",10,54.70,16.20,90.90
2007,13,"Lindenhof",0,"Grundtarif",1192,22.35,0.00,52.65
2007,13,"Lindenhof",1,"Verheiratet",134,109.60,57.00,181.50
2007,13,"Lindenhof",2,"EinElternFamilien",24,63.10,35.40,154.85
2007,14,"City",0,"Grundtarif",613,13.40,0.00,54.30
2007,14,"City",1,"Verheiratet",96,86.55,49.60,134.10
2007,14,"City",2,"EinElternFamilien",29,41.60,22.10,68.90
2007,21,"Wollishofen",0,"Grundtarif",6674,40.40,19.50,62.80
2007,21,"Wollishofen",1,"Verheiratet",2428,78.00,53.40,118.80
2007,21,"Wollishofen",2,"EinElternFamilien",527,40.20,24.00,64.30
2007,23,"Leimbach",0,"Grundtarif",1763,37.20,20.30,56.00
2007,23,"Leimbach",1,"Verheiratet",992,71.45,49.25,100.65
2007,23,"Leimbach",2,"EinElternFamilien",128,40.00,21.90,60.90
2007,24,"Enge",0,"Grundtarif",3631,51.70,24.70,84.50
2007,24,"Enge",1,"Verheiratet",1215,100.40,61.10,171.50
2007,24,"Enge",2,"EinElternFamilien",209,52.30,22.50,97.70
2007,31,"Alt-Wiedikon",0,"Grundtarif",6924,45.00,23.50,67.70
2007,31,"Alt-Wiedikon",1,"Verheiratet",1932,68.45,40.50,108.10
2007,31,"Alt-Wiedikon",2,"EinElternFamilien",346,41.80,22.70,68.10
2007,33,"Friesenberg",0,"Grundtarif",3172,30.00,10.20,50.00
2007,33,"Friesenberg",1,"Verheiratet",1869,64.80,47.20,89.10
2007,33,"Friesenberg",2,"EinElternFamilien",395,37.60,24.70,54.40
2007,34,"Sihlfeld",0,"Grundtarif",9364,38.60,20.00,57.80
2007,34,"Sihlfeld",1,"Verheiratet",2414,56.10,35.20,78.30
2007,34,"Sihlfeld",2,"EinElternFamilien",620,31.60,15.40,48.40
2007,41,"Werd",0,"Grundtarif",2031,41.60,20.00,66.60
2007,41,"Werd",1,"Verheiratet",359,60.40,34.60,97.40
2007,41,"Werd",2,"EinElternFamilien",59,33.30,20.80,56.30
2007,42,"Langstrasse",0,"Grundtarif",5566,35.00,15.40,59.10
2007,42,"Langstrasse",1,"Verheiratet",863,50.30,31.10,78.10
2007,42,"Langstrasse",2,"EinElternFamilien",176,30.75,8.95,50.20
2007,44,"Hard",0,"Grundtarif",5304,30.95,16.10,47.70
2007,44,"Hard",1,"Verheiratet",1719,51.90,33.50,70.00
2007,44,"Hard",2,"EinElternFamilien",329,26.90,7.70,41.60
2007,51,"Gewerbeschule",0,"Grundtarif",4850,37.50,16.50,60.30
2007,51,"Gewerbeschule",1,"Verheiratet",1045,57.90,36.90,79.90
2007,51,"Gewerbeschule",2,"EinElternFamilien",252,35.20,16.60,53.50
2007,52,"Escher Wyss",0,"Grundtarif",1562,53.70,28.90,79.70
2007,52,"Escher Wyss",1,"Verheiratet",323,73.60,46.70,132.30
2007,52,"Escher Wyss",2,"EinElternFamilien",75,46.90,24.40,65.50
2007,61,"Unterstrass",0,"Grundtarif",8510,43.50,21.90,67.00
2007,61,"Unterstrass",1,"Verheiratet",2705,73.60,50.30,110.30
2007,61,"Unterstrass",2,"EinElternFamilien",655,42.20,24.80,61.70
2007,63,"Oberstrass",0,"Grundtarif",4032,49.90,22.90,80.55
2007,63,"Oberstrass",1,"Verheiratet",1354,114.10,71.00,187.20
2007,63,"Oberstrass",2,"EinElternFamilien",264,55.80,34.35,99.35
2007,71,"Fluntern",0,"Grundtarif",2783,55.40,18.40,95.20
2007,71,"Fluntern",1,"Verheiratet",1218,146.65,84.60,254.90
2007,71,"Fluntern",2,"EinElternFamilien",197,66.00,40.50,132.10
2007,72,"Hottingen",0,"Grundtarif",4471,49.70,20.90,85.10
2007,72,"Hottingen",1,"Verheiratet",1436,126.20,75.00,210.10
2007,72,"Hottingen",2,"EinElternFamilien",278,58.55,33.20,101.20
2007,73,"Hirslanden",0,"Grundtarif",3286,44.90,20.90,71.40
2007,73,"Hirslanden",1,"Verheiratet",952,99.85,60.80,170.20
2007,73,"Hirslanden",2,"EinElternFamilien",204,50.85,29.40,88.55
2007,74,"Witikon",0,"Grundtarif",3920,45.90,20.30,72.60
2007,74,"Witikon",1,"Verheiratet",1899,95.90,63.20,147.10
2007,74,"Witikon",2,"EinElternFamilien",263,57.20,35.20,85.40
2007,81,"Seefeld",0,"Grundtarif",2634,54.00,26.10,84.70
2007,81,"Seefeld",1,"Verheiratet",475,98.60,58.90,161.20
2007,81,"Seefeld",2,"EinElternFamilien",148,51.75,29.15,85.95
2007,82,"Mühlebach",0,"Grundtarif",2781,49.10,22.80,80.60
2007,82,"Mühlebach",1,"Verheiratet",624,94.65,60.95,152.05
2007,82,"Mühlebach",2,"EinElternFamilien",167,50.50,29.50,74.40
2007,83,"Weinegg",0,"Grundtarif",2007,45.10,17.20,70.40
2007,83,"Weinegg",1,"Verheiratet",696,93.50,63.95,160.55
2007,83,"Weinegg",2,"EinElternFamilien",127,47.30,31.70,78.70
2007,91,"Albisrieden",0,"Grundtarif",7416,38.70,20.30,58.70
2007,91,"Albisrieden",1,"Verheiratet",3023,68.50,47.00,96.40
2007,91,"Albisrieden",2,"EinElternFamilien",457,40.50,23.00,58.60
2007,92,"Altstetten",0,"Grundtarif",11164,37.60,19.50,55.80
2007,92,"Altstetten",1,"Verheiratet",5022,61.95,42.90,84.80
2007,92,"Altstetten",2,"EinElternFamilien",756,34.30,15.00,50.10
2007,101,"Höngg",0,"Grundtarif",8520,46.60,23.40,70.10
2007,101,"Höngg",1,"Verheiratet",3698,84.50,59.20,128.30
2007,101,"Höngg",2,"EinElternFamilien",567,43.80,25.40,65.70
2007,102,"Wipkingen",0,"Grundtarif",7645,41.00,20.00,62.50
2007,102,"Wipkingen",1,"Verheiratet",1720,67.20,45.55,97.75
2007,102,"Wipkingen",2,"EinElternFamilien",447,40.00,22.50,58.80
2007,111,"Affoltern",0,"Grundtarif",6694,36.00,19.10,53.80
2007,111,"Affoltern",1,"Verheiratet",3677,65.00,45.00,88.40
2007,111,"Affoltern",2,"EinElternFamilien",580,33.10,14.00,49.40
2007,115,"Oerlikon",0,"Grundtarif",8280,41.50,19.40,64.55
2007,115,"Oerlikon",1,"Verheiratet",2744,72.90,46.70,109.55
2007,115,"Oerlikon",2,"EinElternFamilien",462,39.95,20.80,57.80
2007,119,"Seebach",0,"Grundtarif",7294,35.65,17.50,55.00
2007,119,"Seebach",1,"Verheiratet",3478,61.55,40.60,85.20
2007,119,"Seebach",2,"EinElternFamilien",536,30.50,13.50,50.00
2007,121,"Saatlen",0,"Grundtarif",1887,31.60,14.90,47.70
2007,121,"Saatlen",1,"Verheiratet",1267,57.30,37.90,76.40
2007,121,"Saatlen",2,"EinElternFamilien",255,30.80,16.00,45.80
2007,122,"Schwamendingen-Mitte",0,"Grundtarif",3842,31.30,16.70,48.00
2007,122,"Schwamendingen-Mitte",1,"Verheiratet",1738,55.50,36.80,76.90
2007,122,"Schwamendingen-Mitte",2,"EinElternFamilien",260,26.60,5.25,41.50
2007,123,"Hirzenbach",0,"Grundtarif",3491,30.10,14.70,44.60
2007,123,"Hirzenbach",1,"Verheiratet",2011,57.60,39.40,75.30
2007,123,"Hirzenbach",2,"EinElternFamilien",346,29.85,10.10,45.30
2008,11,"Rathaus",0,"Grundtarif",1597,48.00,19.80,84.70
2008,11,"Rathaus",1,"Verheiratet",309,115.80,66.10,180.30
2008,11,"Rathaus",2,"EinElternFamilien",65,42.30,22.30,83.50
2008,12,"Hochschulen",0,"Grundtarif",291,38.40,15.20,73.20
2008,12,"Hochschulen",1,"Verheiratet",77,115.50,59.10,254.70
2008,12,"Hochschulen",2,"EinElternFamilien",8,41.30,11.15,103.65
2008,13,"Lindenhof",0,"Grundtarif",1187,21.60,0.00,56.00
2008,13,"Lindenhof",1,"Verheiratet",138,117.25,52.50,179.00
2008,13,"Lindenhof",2,"EinElternFamilien",17,104.90,51.60,173.80
2008,14,"City",0,"Grundtarif",611,13.60,0.00,55.10
2008,14,"City",1,"Verheiratet",90,83.35,50.10,131.70
2008,14,"City",2,"EinElternFamilien",30,50.95,27.30,76.80
2008,21,"Wollishofen",0,"Grundtarif",6765,41.90,20.40,66.10
2008,21,"Wollishofen",1,"Verheiratet",2408,80.50,55.70,125.05
2008,21,"Wollishofen",2,"EinElternFamilien",547,43.60,25.50,65.50
2008,23,"Leimbach",0,"Grundtarif",1708,38.40,20.20,58.10
2008,23,"Leimbach",1,"Verheiratet",1021,74.10,49.30,104.80
2008,23,"Leimbach",2,"EinElternFamilien",127,44.70,17.10,64.20
2008,24,"Enge",0,"Grundtarif",3693,54.50,25.20,88.60
2008,24,"Enge",1,"Verheiratet",1241,111.40,65.30,188.70
2008,24,"Enge",2,"EinElternFamilien",204,51.30,25.50,92.90
2008,31,"Alt-Wiedikon",0,"Grundtarif",7103,47.20,23.80,70.90
2008,31,"Alt-Wiedikon",1,"Verheiratet",1954,73.10,43.00,115.90
2008,31,"Alt-Wiedikon",2,"EinElternFamilien",377,45.30,21.40,71.10
2008,33,"Friesenberg",0,"Grundtarif",3194,30.30,10.60,50.90
2008,33,"Friesenberg",1,"Verheiratet",1867,65.90,47.50,92.90
2008,33,"Friesenberg",2,"EinElternFamilien",422,38.35,24.30,52.90
2008,34,"Sihlfeld",0,"Grundtarif",9518,39.40,20.00,60.00
2008,34,"Sihlfeld",1,"Verheiratet",2414,58.50,36.80,81.20
2008,34,"Sihlfeld",2,"EinElternFamilien",618,33.00,16.40,48.80
2008,41,"Werd",0,"Grundtarif",2108,43.60,20.60,70.00
2008,41,"Werd",1,"Verheiratet",350,60.85,32.60,97.30
2008,41,"Werd",2,"EinElternFamilien",63,37.80,20.00,62.40
2008,42,"Langstrasse",0,"Grundtarif",5695,38.00,17.00,62.10
2008,42,"Langstrasse",1,"Verheiratet",903,52.50,32.50,83.20
2008,42,"Langstrasse",2,"EinElternFamilien",193,33.40,11.40,55.00
2008,44,"Hard",0,"Grundtarif",5387,32.30,16.90,49.90
2008,44,"Hard",1,"Verheiratet",1720,52.55,35.50,71.75
2008,44,"Hard",2,"EinElternFamilien",351,27.30,12.80,40.70
2008,51,"Gewerbeschule",0,"Grundtarif",4922,39.20,17.30,62.10
2008,51,"Gewerbeschule",1,"Verheiratet",1054,59.05,38.30,84.60
2008,51,"Gewerbeschule",2,"EinElternFamilien",265,36.50,13.80,59.90
2008,52,"Escher Wyss",0,"Grundtarif",1558,55.50,31.40,82.80
2008,52,"Escher Wyss",1,"Verheiratet",323,80.00,50.90,130.00
2008,52,"Escher Wyss",2,"EinElternFamilien",85,57.90,31.30,84.00
2008,61,"Unterstrass",0,"Grundtarif",8696,45.40,22.00,69.90
2008,61,"Unterstrass",1,"Verheiratet",2779,77.00,51.60,117.40
2008,61,"Unterstrass",2,"EinElternFamilien",654,43.50,25.80,64.60
2008,63,"Oberstrass",0,"Grundtarif",4042,51.65,23.30,85.20
2008,63,"Oberstrass",1,"Verheiratet",1380,121.05,75.50,199.25
2008,63,"Oberstrass",2,"EinElternFamilien",277,63.50,39.20,105.30
2008,71,"Fluntern",0,"Grundtarif",2818,58.80,20.30,100.60
2008,71,"Fluntern",1,"Verheiratet",1256,152.15,88.40,272.70
2008,71,"Fluntern",2,"EinElternFamilien",181,74.30,47.20,125.60
2008,72,"Hottingen",0,"Grundtarif",4451,51.60,21.00,88.80
2008,72,"Hottingen",1,"Verheiratet",1469,130.40,76.90,228.70
2008,72,"Hottingen",2,"EinElternFamilien",291,64.20,38.00,109.40
2008,73,"Hirslanden",0,"Grundtarif",3343,46.60,21.90,75.60
2008,73,"Hirslanden",1,"Verheiratet",960,102.65,63.15,174.75
2008,73,"Hirslanden",2,"EinElternFamilien",215,52.90,33.60,84.70
2008,74,"Witikon",0,"Grundtarif",3904,45.30,20.35,74.35
2008,74,"Witikon",1,"Verheiratet",1909,101.40,66.40,156.50
2008,74,"Witikon",2,"EinElternFamilien",280,60.45,36.60,91.10
2008,81,"Seefeld",0,"Grundtarif",2592,56.75,28.00,91.95
2008,81,"Seefeld",1,"Verheiratet",495,106.50,60.90,171.30
2008,81,"Seefeld",2,"EinElternFamilien",157,51.10,31.50,89.20
2008,82,"Mühlebach",0,"Grundtarif",2775,50.80,23.50,84.30
2008,82,"Mühlebach",1,"Verheiratet",624,100.25,63.11,168.95
2008,82,"Mühlebach",2,"EinElternFamilien",155,50.00,30.00,75.90
2008,83,"Weinegg",0,"Grundtarif",2014,46.40,17.40,74.00
2008,83,"Weinegg",1,"Verheiratet",704,100.25,67.50,168.30
2008,83,"Weinegg",2,"EinElternFamilien",141,48.00,32.80,78.30
2008,91,"Albisrieden",0,"Grundtarif",7663,40.00,21.20,60.90
2008,91,"Albisrieden",1,"Verheiratet",3006,70.90,49.90,102.00
2008,91,"Albisrieden",2,"EinElternFamilien",450,44.40,26.60,64.90
2008,92,"Altstetten",0,"Grundtarif",11322,39.30,20.00,58.30
2008,92,"Altstetten",1,"Verheiratet",5038,63.60,43.90,87.50
2008,92,"Altstetten",2,"EinElternFamilien",797,34.60,17.50,50.20
2008,101,"Höngg",0,"Grundtarif",8430,48.10,24.70,72.90
2008,101,"Höngg",1,"Verheiratet",3730,88.20,60.30,131.50
2008,101,"Höngg",2,"EinElternFamilien",590,46.30,26.20,68.00
2008,102,"Wipkingen",0,"Grundtarif",7708,42.60,20.35,65.00
2008,102,"Wipkingen",1,"Verheiratet",1756,68.80,46.55,101.70
2008,102,"Wipkingen",2,"EinElternFamilien",460,44.30,25.60,64.20
2008,111,"Affoltern",0,"Grundtarif",7152,37.90,19.65,57.10
2008,111,"Affoltern",1,"Verheiratet",3879,67.00,46.20,92.60
2008,111,"Affoltern",2,"EinElternFamilien",650,35.95,18.50,54.50
2008,115,"Oerlikon",0,"Grundtarif",8355,42.60,19.50,67.00
2008,115,"Oerlikon",1,"Verheiratet",2762,75.55,48.60,113.30
2008,115,"Oerlikon",2,"EinElternFamilien",476,43.95,23.40,64.95
2008,119,"Seebach",0,"Grundtarif",7353,37.10,18.40,57.50
2008,119,"Seebach",1,"Verheiratet",3456,62.85,41.40,87.45
2008,119,"Seebach",2,"EinElternFamilien",557,34.20,14.10,50.50
2008,121,"Saatlen",0,"Grundtarif",1890,32.10,14.80,49.10
2008,121,"Saatlen",1,"Verheiratet",1258,58.85,40.00,79.60
2008,121,"Saatlen",2,"EinElternFamilien",294,30.55,18.50,46.40
2008,122,"Schwamendingen-Mitte",0,"Grundtarif",3847,32.50,17.00,49.80
2008,122,"Schwamendingen-Mitte",1,"Verheiratet",1748,56.40,38.15,78.90
2008,122,"Schwamendingen-Mitte",2,"EinElternFamilien",259,25.70,3.90,40.20
2008,123,"Hirzenbach",0,"Grundtarif",3587,30.30,14.70,45.80
2008,123,"Hirzenbach",1,"Verheiratet",2049,58.40,39.60,78.00
2008,123,"Hirzenbach",2,"EinElternFamilien",359,30.00,13.30,44.90
2009,11,"Rathaus",0,"Grundtarif",1566,47.70,20.00,83.70
2009,11,"Rathaus",1,"Verheiratet",322,113.25,66.80,176.20
2009,11,"Rathaus",2,"EinElternFamilien",65,52.00,30.20,87.60
2009,12,"Hochschulen",0,"Grundtarif",279,37.20,15.50,69.40
2009,12,"Hochschulen",1,"Verheiratet",70,126.75,63.10,239.30
2009,12,"Hochschulen",2,"EinElternFamilien",8,32.05,5.10,66.00
2009,13,"Lindenhof",0,"Grundtarif",1169,22.70,0.00,57.20
2009,13,"Lindenhof",1,"Verheiratet",140,113.35,49.35,192.45
2009,13,"Lindenhof",2,"EinElternFamilien",22,89.15,51.30,175.60
2009,14,"City",0,"Grundtarif",581,12.00,0.00,57.70
2009,14,"City",1,"Verheiratet",100,99.65,43.95,166.25
2009,14,"City",2,"EinElternFamilien",29,50.70,37.50,83.90
2009,21,"Wollishofen",0,"Grundtarif",6804,42.40,20.00,66.95
2009,21,"Wollishofen",1,"Verheiratet",2437,84.00,56.50,128.10
2009,21,"Wollishofen",2,"EinElternFamilien",545,43.80,25.00,63.80
2009,23,"Leimbach",0,"Grundtarif",1719,37.30,19.40,57.30
2009,23,"Leimbach",1,"Verheiratet",1032,77.25,50.95,107.00
2009,23,"Leimbach",2,"EinElternFamilien",140,41.35,20.10,65.45
2009,24,"Enge",0,"Grundtarif",3686,54.35,24.20,88.80
2009,24,"Enge",1,"Verheiratet",1255,112.40,66.50,184.30
2009,24,"Enge",2,"EinElternFamilien",200,51.75,33.25,84.25
2009,31,"Alt-Wiedikon",0,"Grundtarif",7094,48.10,24.70,72.50
2009,31,"Alt-Wiedikon",1,"Verheiratet",1936,76.40,46.55,123.20
2009,31,"Alt-Wiedikon",2,"EinElternFamilien",386,49.30,24.90,75.90
2009,33,"Friesenberg",0,"Grundtarif",3379,31.20,10.70,52.60
2009,33,"Friesenberg",1,"Verheiratet",1920,68.35,47.50,94.50
2009,33,"Friesenberg",2,"EinElternFamilien",418,39.80,24.20,56.70
2009,34,"Sihlfeld",0,"Grundtarif",9742,40.00,20.00,61.20
2009,34,"Sihlfeld",1,"Verheiratet",2341,59.20,37.60,82.00
2009,34,"Sihlfeld",2,"EinElternFamilien",600,33.70,14.45,51.15
2009,41,"Werd",0,"Grundtarif",2064,43.70,21.50,71.90
2009,41,"Werd",1,"Verheiratet",373,62.70,35.00,105.40
2009,41,"Werd",2,"EinElternFamilien",80,39.75,16.35,63.40
2009,42,"Langstrasse",0,"Grundtarif",5719,38.20,16.90,63.00
2009,42,"Langstrasse",1,"Verheiratet",901,54.40,33.50,85.70
2009,42,"Langstrasse",2,"EinElternFamilien",184,35.85,11.40,57.95
2009,44,"Hard",0,"Grundtarif",5484,32.40,16.90,50.50
2009,44,"Hard",1,"Verheiratet",1707,53.90,36.20,73.30
2009,44,"Hard",2,"EinElternFamilien",349,29.50,11.80,45.50
2009,51,"Gewerbeschule",0,"Grundtarif",4939,38.80,16.70,63.20
2009,51,"Gewerbeschule",1,"Verheiratet",1042,59.95,38.60,85.50
2009,51,"Gewerbeschule",2,"EinElternFamilien",275,40.00,18.90,60.60
2009,52,"Escher Wyss",0,"Grundtarif",1573,55.00,28.60,84.50
2009,52,"Escher Wyss",1,"Verheiratet",335,89.50,55.00,136.40
2009,52,"Escher Wyss",2,"EinElternFamilien",97,50.20,30.00,85.20
2009,61,"Unterstrass",0,"Grundtarif",8826,45.65,21.90,70.60
2009,61,"Unterstrass",1,"Verheiratet",2816,79.90,53.35,120.65
2009,61,"Unterstrass",2,"EinElternFamilien",706,42.80,26.00,68.70
2009,63,"Oberstrass",0,"Grundtarif",4079,51.60,23.70,85.50
2009,63,"Oberstrass",1,"Verheiratet",1382,126.65,79.20,198.60
2009,63,"Oberstrass",2,"EinElternFamilien",272,64.25,38.95,111.15
2009,71,"Fluntern",0,"Grundtarif",2792,56.10,18.60,98.80
2009,71,"Fluntern",1,"Verheiratet",1266,153.90,94.40,253.90
2009,71,"Fluntern",2,"EinElternFamilien",207,75.90,42.50,124.20
2009,72,"Hottingen",0,"Grundtarif",4460,50.70,20.10,88.55
2009,72,"Hottingen",1,"Verheiratet",1475,132.30,76.30,233.30
2009,72,"Hottingen",2,"EinElternFamilien",306,68.50,36.30,114.50
2009,73,"Hirslanden",0,"Grundtarif",3272,46.20,20.90,75.00
2009,73,"Hirslanden",1,"Verheiratet",959,109.00,66.80,182.20
2009,73,"Hirslanden",2,"EinElternFamilien",221,57.30,35.40,84.40
2009,74,"Witikon",0,"Grundtarif",3973,46.90,20.90,75.00
2009,74,"Witikon",1,"Verheiratet",1903,103.80,68.20,158.20
2009,74,"Witikon",2,"EinElternFamilien",283,63.10,35.10,97.30
2009,81,"Seefeld",0,"Grundtarif",2549,57.20,27.90,92.80
2009,81,"Seefeld",1,"Verheiratet",505,107.80,61.20,175.90
2009,81,"Seefeld",2,"EinElternFamilien",144,64.75,33.25,100.75
2009,82,"Mühlebach",0,"Grundtarif",2787,53.00,23.10,86.10
2009,82,"Mühlebach",1,"Verheiratet",622,110.35,67.70,168.40
2009,82,"Mühlebach",2,"EinElternFamilien",175,51.40,26.40,86.10
2009,83,"Weinegg",0,"Grundtarif",2005,46.40,18.40,74.50
2009,83,"Weinegg",1,"Verheiratet",697,100.90,67.10,165.00
2009,83,"Weinegg",2,"EinElternFamilien",150,54.80,33.00,86.10
2009,91,"Albisrieden",0,"Grundtarif",7829,41.20,21.50,61.80
2009,91,"Albisrieden",1,"Verheiratet",2971,73.60,50.80,104.10
2009,91,"Albisrieden",2,"EinElternFamilien",467,44.20,26.60,66.20
2009,92,"Altstetten",0,"Grundtarif",11412,39.70,20.00,58.60
2009,92,"Altstetten",1,"Verheiratet",4984,64.60,44.40,88.80
2009,92,"Altstetten",2,"EinElternFamilien",796,35.70,19.00,52.90
2009,101,"Höngg",0,"Grundtarif",8601,48.30,24.30,73.20
2009,101,"Höngg",1,"Verheiratet",3668,90.50,62.10,135.20
2009,101,"Höngg",2,"EinElternFamilien",612,49.55,29.80,73.50
2009,102,"Wipkingen",0,"Grundtarif",7715,43.00,21.10,65.10
2009,102,"Wipkingen",1,"Verheiratet",1748,71.85,48.65,108.85
2009,102,"Wipkingen",2,"EinElternFamilien",473,46.50,27.10,67.80
2009,111,"Affoltern",0,"Grundtarif",7310,38.50,19.40,57.60
2009,111,"Affoltern",1,"Verheiratet",3985,68.70,48.00,94.30
2009,111,"Affoltern",2,"EinElternFamilien",643,37.00,18.90,56.91
2009,115,"Oerlikon",0,"Grundtarif",8282,43.15,19.00,67.50
2009,115,"Oerlikon",1,"Verheiratet",2684,77.90,48.90,116.30
2009,115,"Oerlikon",2,"EinElternFamilien",527,44.00,23.20,66.90
2009,119,"Seebach",0,"Grundtarif",7460,37.00,17.50,58.40
2009,119,"Seebach",1,"Verheiratet",3424,64.90,42.50,90.10
2009,119,"Seebach",2,"EinElternFamilien",574,35.00,14.40,53.40
2009,121,"Saatlen",0,"Grundtarif",1984,32.70,14.70,50.00
2009,121,"Saatlen",1,"Verheiratet",1287,59.90,39.90,81.50
2009,121,"Saatlen",2,"EinElternFamilien",283,31.20,16.80,46.70
2009,122,"Schwamendingen-Mitte",0,"Grundtarif",3853,32.70,17.00,50.60
2009,122,"Schwamendingen-Mitte",1,"Verheiratet",1690,57.95,38.30,79.80
2009,122,"Schwamendingen-Mitte",2,"EinElternFamilien",261,26.40,4.10,43.40
2009,123,"Hirzenbach",0,"Grundtarif",3659,30.50,14.60,45.90
2009,123,"Hirzenbach",1,"Verheiratet",2046,59.25,39.80,78.80
2009,123,"Hirzenbach",2,"EinElternFamilien",365,29.00,11.10,46.70
2010,11,"Rathaus",0,"Grundtarif",1592,47.40,19.55,83.25
2010,11,"Rathaus",1,"Verheiratet",321,117.10,69.30,179.30
2010,11,"Rathaus",2,"EinElternFamilien",61,52.70,29.70,96.60
2010,12,"Hochschulen",0,"Grundtarif",285,36.50,13.10,63.90
2010,12,"Hochschulen",1,"Verheiratet",66,137.10,58.80,249.20
2010,12,"Hochschulen",2,"EinElternFamilien",10,33.00,28.20,67.70
2010,13,"Lindenhof",0,"Grundtarif",1148,21.80,0.00,54.95
2010,13,"Lindenhof",1,"Verheiratet",138,104.05,50.10,174.90
2010,13,"Lindenhof",2,"EinElternFamilien",21,67.70,37.00,118.40
2010,14,"City",0,"Grundtarif",544,10.35,0.00,52.60
2010,14,"City",1,"Verheiratet",104,105.60,53.65,163.85
2010,14,"City",2,"EinElternFamilien",25,40.20,31.90,67.80
2010,21,"Wollishofen",0,"Grundtarif",6876,42.60,19.60,67.15
2010,21,"Wollishofen",1,"Verheiratet",2407,84.90,57.70,131.50
2010,21,"Wollishofen",2,"EinElternFamilien",539,42.10,25.00,66.00
2010,23,"Leimbach",0,"Grundtarif",1744,36.80,20.00,57.45
2010,23,"Leimbach",1,"Verheiratet",1031,79.50,52.10,108.70
2010,23,"Leimbach",2,"EinElternFamilien",119,40.30,17.60,61.30
2010,24,"Enge",0,"Grundtarif",3699,54.90,24.70,91.50
2010,24,"Enge",1,"Verheiratet",1217,115.90,65.00,191.80
2010,24,"Enge",2,"EinElternFamilien",207,54.00,30.70,89.90
2010,31,"Alt-Wiedikon",0,"Grundtarif",7277,48.80,24.70,74.50
2010,31,"Alt-Wiedikon",1,"Verheiratet",1996,79.65,46.95,127.10
2010,31,"Alt-Wiedikon",2,"EinElternFamilien",386,50.15,28.50,82.30
2010,33,"Friesenberg",0,"Grundtarif",3436,31.45,11.00,53.40
2010,33,"Friesenberg",1,"Verheiratet",1892,68.60,48.10,95.55
2010,33,"Friesenberg",2,"EinElternFamilien",420,38.95,23.35,54.25
2010,34,"Sihlfeld",0,"Grundtarif",9677,39.80,20.00,60.90
2010,34,"Sihlfeld",1,"Verheiratet",2276,59.00,37.65,84.40
2010,34,"Sihlfeld",2,"EinElternFamilien",604,35.20,15.05,53.15
2010,41,"Werd",0,"Grundtarif",2111,44.10,20.70,71.00
2010,41,"Werd",1,"Verheiratet",398,67.10,36.90,112.40
2010,41,"Werd",2,"EinElternFamilien",67,43.30,29.00,86.70
2010,42,"Langstrasse",0,"Grundtarif",5689,39.00,17.00,62.90
2010,42,"Langstrasse",1,"Verheiratet",866,54.70,34.10,86.40
2010,42,"Langstrasse",2,"EinElternFamilien",192,39.40,19.00,63.30
2010,44,"Hard",0,"Grundtarif",5690,32.80,16.90,51.20
2010,44,"Hard",1,"Verheiratet",1647,54.00,35.60,74.10
2010,44,"Hard",2,"EinElternFamilien",356,27.75,8.65,45.85
2010,51,"Gewerbeschule",0,"Grundtarif",4931,39.20,16.30,64.40
2010,51,"Gewerbeschule",1,"Verheiratet",1035,61.70,40.50,87.30
2010,51,"Gewerbeschule",2,"EinElternFamilien",276,39.85,18.55,62.65
2010,52,"Escher Wyss",0,"Grundtarif",1573,54.90,28.60,83.50
2010,52,"Escher Wyss",1,"Verheiratet",350,89.05,54.30,140.40
2010,52,"Escher Wyss",2,"EinElternFamilien",95,57.40,32.70,84.60
2010,61,"Unterstrass",0,"Grundtarif",8910,45.50,22.60,71.90
2010,61,"Unterstrass",1,"Verheiratet",2815,80.10,53.70,123.00
2010,61,"Unterstrass",2,"EinElternFamilien",694,43.95,27.00,68.30
2010,63,"Oberstrass",0,"Grundtarif",4114,51.50,23.40,85.80
2010,63,"Oberstrass",1,"Verheiratet",1406,125.80,80.40,201.90
2010,63,"Oberstrass",2,"EinElternFamilien",265,66.80,42.00,122.30
2010,71,"Fluntern",0,"Grundtarif",2759,54.40,17.30,98.20
2010,71,"Fluntern",1,"Verheiratet",1288,153.85,97.60,258.05
2010,71,"Fluntern",2,"EinElternFamilien",198,79.90,47.80,124.50
2010,72,"Hottingen",0,"Grundtarif",4423,51.50,21.10,89.70
2010,72,"Hottingen",1,"Verheiratet",1480,138.30,79.35,234.65
2010,72,"Hottingen",2,"EinElternFamilien",311,72.00,41.20,116.90
2010,73,"Hirslanden",0,"Grundtarif",3207,46.80,21.20,75.50
2010,73,"Hirslanden",1,"Verheiratet",965,109.50,66.80,189.60
2010,73,"Hirslanden",2,"EinElternFamilien",207,55.20,33.80,82.40
2010,74,"Witikon",0,"Grundtarif",4007,45.70,20.00,73.90
2010,74,"Witikon",1,"Verheiratet",1867,102.70,68.60,163.50
2010,74,"Witikon",2,"EinElternFamilien",276,61.05,34.35,95.65
2010,81,"Seefeld",0,"Grundtarif",2525,59.30,29.10,97.40
2010,81,"Seefeld",1,"Verheiratet",506,109.00,68.40,182.40
2010,81,"Seefeld",2,"EinElternFamilien",159,66.20,40.40,101.10
2010,82,"Mühlebach",0,"Grundtarif",2770,52.90,23.60,87.60
2010,82,"Mühlebach",1,"Verheiratet",662,110.50,67.60,180.10
2010,82,"Mühlebach",2,"EinElternFamilien",171,52.70,29.10,88.90
2010,83,"Weinegg",0,"Grundtarif",2044,46.00,17.95,75.25
2010,83,"Weinegg",1,"Verheiratet",689,103.90,67.10,173.30
2010,83,"Weinegg",2,"EinElternFamilien",152,56.70,35.60,83.35
2010,91,"Albisrieden",0,"Grundtarif",7886,41.85,21.30,62.20
2010,91,"Albisrieden",1,"Verheiratet",2947,73.80,50.40,104.70
2010,91,"Albisrieden",2,"EinElternFamilien",488,48.05,28.55,70.90
2010,92,"Altstetten",0,"Grundtarif",11697,39.60,19.60,58.70
2010,92,"Altstetten",1,"Verheiratet",5025,65.00,44.30,89.40
2010,92,"Altstetten",2,"EinElternFamilien",783,35.00,14.80,52.20
2010,101,"Höngg",0,"Grundtarif",8481,48.50,24.40,73.70
2010,101,"Höngg",1,"Verheiratet",3633,91.60,62.70,136.00
2010,101,"Höngg",2,"EinElternFamilien",602,50.15,30.00,76.50
2010,102,"Wipkingen",0,"Grundtarif",7768,43.10,20.80,65.20
2010,102,"Wipkingen",1,"Verheiratet",1777,72.00,48.50,107.40
2010,102,"Wipkingen",2,"EinElternFamilien",452,44.90,25.90,69.40
2010,111,"Affoltern",0,"Grundtarif",7558,38.10,18.60,57.90
2010,111,"Affoltern",1,"Verheiratet",4039,70.30,48.50,96.30
2010,111,"Affoltern",2,"EinElternFamilien",667,35.50,17.90,55.40
2010,115,"Oerlikon",0,"Grundtarif",8303,43.80,19.50,67.90
2010,115,"Oerlikon",1,"Verheiratet",2681,80.40,50.30,120.70
2010,115,"Oerlikon",2,"EinElternFamilien",471,45.40,26.00,69.90
2010,119,"Seebach",0,"Grundtarif",7587,38.10,17.90,59.20
2010,119,"Seebach",1,"Verheiratet",3474,65.10,43.00,92.20
2010,119,"Seebach",2,"EinElternFamilien",582,34.60,15.50,52.50
2010,121,"Saatlen",0,"Grundtarif",2036,31.65,14.75,51.05
2010,121,"Saatlen",1,"Verheiratet",1296,61.85,41.25,83.60
2010,121,"Saatlen",2,"EinElternFamilien",281,31.20,17.10,47.10
2010,122,"Schwamendingen-Mitte",0,"Grundtarif",3892,33.05,17.00,51.00
2010,122,"Schwamendingen-Mitte",1,"Verheiratet",1698,57.80,38.40,79.90
2010,122,"Schwamendingen-Mitte",2,"EinElternFamilien",267,27.60,4.10,44.80
2010,123,"Hirzenbach",0,"Grundtarif",3664,29.90,12.90,45.35
2010,123,"Hirzenbach",1,"Verheiratet",2004,59.20,39.65,78.75
2010,123,"Hirzenbach",2,"EinElternFamilien",362,29.95,9.30,45.00
2011,11,"Rathaus",0,"Grundtarif",1599,48.00,20.10,85.00
2011,11,"Rathaus",1,"Verheiratet",334,118.35,64.50,193.50
2011,11,"Rathaus",2,"EinElternFamilien",65,53.20,28.10,95.80
2011,12,"Hochschulen",0,"Grundtarif",292,41.60,12.10,71.45
2011,12,"Hochschulen",1,"Verheiratet",68,129.40,60.40,239.85
2011,12,"Hochschulen",2,"EinElternFamilien",8,107.65,37.10,198.75
2011,13,"Lindenhof",0,"Grundtarif",1138,21.85,0.00,51.90
2011,13,"Lindenhof",1,"Verheiratet",134,102.90,47.16,179.10
2011,13,"Lindenhof",2,"EinElternFamilien",25,69.00,36.30,157.10
2011,14,"City",0,"Grundtarif",536,11.65,0.00,48.70
2011,14,"City",1,"Verheiratet",93,96.90,51.80,141.80
2011,14,"City",2,"EinElternFamilien",31,49.40,20.50,80.00
2011,21,"Wollishofen",0,"Grundtarif",6949,42.10,19.30,66.40
2011,21,"Wollishofen",1,"Verheiratet",2406,84.90,55.90,132.70
2011,21,"Wollishofen",2,"EinElternFamilien",510,44.80,26.80,68.30
2011,23,"Leimbach",0,"Grundtarif",1731,36.80,19.40,58.60
2011,23,"Leimbach",1,"Verheiratet",1006,77.15,53.40,108.80
2011,23,"Leimbach",2,"EinElternFamilien",134,39.70,17.90,61.90
2011,24,"Enge",0,"Grundtarif",3631,54.70,24.40,91.80
2011,24,"Enge",1,"Verheiratet",1232,116.80,68.70,196.20
2011,24,"Enge",2,"EinElternFamilien",215,58.70,30.40,101.90
2011,31,"Alt-Wiedikon",0,"Grundtarif",7336,49.10,24.40,75.85
2011,31,"Alt-Wiedikon",1,"Verheiratet",1995,81.50,48.10,135.60
2011,31,"Alt-Wiedikon",2,"EinElternFamilien",386,47.65,25.00,75.70
2011,33,"Friesenberg",0,"Grundtarif",3423,33.00,10.40,54.00
2011,33,"Friesenberg",1,"Verheiratet",1879,69.30,48.60,98.20
2011,33,"Friesenberg",2,"EinElternFamilien",407,38.50,20.90,55.10
2011,34,"Sihlfeld",0,"Grundtarif",9803,40.90,20.70,62.50
2011,34,"Sihlfeld",1,"Verheiratet",2241,59.90,36.80,86.50
2011,34,"Sihlfeld",2,"EinElternFamilien",614,35.50,16.40,53.20
2011,41,"Werd",0,"Grundtarif",2124,43.95,21.95,75.00
2011,41,"Werd",1,"Verheiratet",410,67.30,37.90,115.70
2011,41,"Werd",2,"EinElternFamilien",66,51.45,26.20,86.50
2011,42,"Langstrasse",0,"Grundtarif",5762,38.70,16.70,63.20
2011,42,"Langstrasse",1,"Verheiratet",844,57.05,35.00,91.50
2011,42,"Langstrasse",2,"EinElternFamilien",199,36.60,10.20,66.60
2011,44,"Hard",0,"Grundtarif",5669,33.30,16.60,52.40
2011,44,"Hard",1,"Verheiratet",1630,54.10,36.70,74.60
2011,44,"Hard",2,"EinElternFamilien",353,28.10,4.90,44.20
2011,51,"Gewerbeschule",0,"Grundtarif",4975,38.30,15.50,64.60
2011,51,"Gewerbeschule",1,"Verheiratet",1018,63.00,40.90,90.00
2011,51,"Gewerbeschule",2,"EinElternFamilien",278,39.25,18.20,66.30
2011,52,"Escher Wyss",0,"Grundtarif",1577,55.10,27.80,84.90
2011,52,"Escher Wyss",1,"Verheiratet",346,88.55,58.10,142.10
2011,52,"Escher Wyss",2,"EinElternFamilien",101,60.80,38.00,85.20
2011,61,"Unterstrass",0,"Grundtarif",8906,45.80,23.00,72.30
2011,61,"Unterstrass",1,"Verheiratet",2786,82.40,54.90,128.80
2011,61,"Unterstrass",2,"EinElternFamilien",701,47.50,28.50,75.30
2011,63,"Oberstrass",0,"Grundtarif",4097,51.60,23.10,86.80
2011,63,"Oberstrass",1,"Verheiratet",1415,126.90,79.60,207.40
2011,63,"Oberstrass",2,"EinElternFamilien",279,67.40,40.40,119.90
2011,71,"Fluntern",0,"Grundtarif",2806,55.85,17.80,99.70
2011,71,"Fluntern",1,"Verheiratet",1312,156.75,94.50,270.85
2011,71,"Fluntern",2,"EinElternFamilien",201,86.80,53.80,125.00
2011,72,"Hottingen",0,"Grundtarif",4352,53.00,20.75,92.20
2011,72,"Hottingen",1,"Verheiratet",1498,137.65,83.70,230.30
2011,72,"Hottingen",2,"EinElternFamilien",302,74.30,39.70,122.00
2011,73,"Hirslanden",0,"Grundtarif",3231,47.60,20.80,79.50
2011,73,"Hirslanden",1,"Verheiratet",960,114.95,66.90,194.65
2011,73,"Hirslanden",2,"EinElternFamilien",213,55.30,34.60,88.50
2011,74,"Witikon",0,"Grundtarif",3944,45.90,20.55,73.40
2011,74,"Witikon",1,"Verheiratet",1856,104.95,70.05,162.30
2011,74,"Witikon",2,"EinElternFamilien",275,58.70,32.80,89.80
2011,81,"Seefeld",0,"Grundtarif",2567,59.80,29.20,99.30
2011,81,"Seefeld",1,"Verheiratet",516,115.60,65.55,198.05
2011,81,"Seefeld",2,"EinElternFamilien",158,60.00,35.00,89.50
2011,82,"Mühlebach",0,"Grundtarif",2751,54.50,24.30,89.90
2011,82,"Mühlebach",1,"Verheiratet",677,109.50,67.90,180.70
2011,82,"Mühlebach",2,"EinElternFamilien",174,55.75,32.60,98.40
2011,83,"Weinegg",0,"Grundtarif",2041,46.30,17.50,74.30
2011,83,"Weinegg",1,"Verheiratet",658,106.35,67.50,173.50
2011,83,"Weinegg",2,"EinElternFamilien",163,56.80,39.80,86.70
2011,91,"Albisrieden",0,"Grundtarif",7970,41.25,20.50,62.70
2011,91,"Albisrieden",1,"Verheiratet",3024,75.70,51.00,106.50
2011,91,"Albisrieden",2,"EinElternFamilien",515,47.70,26.90,72.20
2011,92,"Altstetten",0,"Grundtarif",11905,40.20,20.00,59.80
2011,92,"Altstetten",1,"Verheiratet",5068,65.00,44.15,89.90
2011,92,"Altstetten",2,"EinElternFamilien",780,35.75,15.20,53.25
2011,101,"Höngg",0,"Grundtarif",8492,48.80,24.10,73.50
2011,101,"Höngg",1,"Verheiratet",3603,93.20,63.00,140.30
2011,101,"Höngg",2,"EinElternFamilien",592,52.40,31.70,79.70
2011,102,"Wipkingen",0,"Grundtarif",7758,43.90,20.80,66.60
2011,102,"Wipkingen",1,"Verheiratet",1769,73.50,49.20,111.30
2011,102,"Wipkingen",2,"EinElternFamilien",478,45.10,28.40,67.50
2011,111,"Affoltern",0,"Grundtarif",7954,38.70,18.40,58.80
2011,111,"Affoltern",1,"Verheiratet",4225,70.30,48.80,97.60
2011,111,"Affoltern",2,"EinElternFamilien",703,36.10,19.20,54.60
2011,115,"Oerlikon",0,"Grundtarif",8446,43.90,19.80,68.50
2011,115,"Oerlikon",1,"Verheiratet",2689,81.20,50.80,124.40
2011,115,"Oerlikon",2,"EinElternFamilien",476,46.85,26.65,70.60
2011,119,"Seebach",0,"Grundtarif",7615,37.90,18.00,59.10
2011,119,"Seebach",1,"Verheiratet",3539,66.40,42.90,94.30
2011,119,"Seebach",2,"EinElternFamilien",599,34.50,16.40,53.80
2011,121,"Saatlen",0,"Grundtarif",2012,32.20,14.20,50.15
2011,121,"Saatlen",1,"Verheiratet",1296,62.70,41.90,85.35
2011,121,"Saatlen",2,"EinElternFamilien",257,34.90,18.30,47.00
2011,122,"Schwamendingen-Mitte",0,"Grundtarif",3908,32.60,16.70,50.60
2011,122,"Schwamendingen-Mitte",1,"Verheiratet",1657,58.60,38.70,80.30
2011,122,"Schwamendingen-Mitte",2,"EinElternFamilien",272,28.15,8.50,45.00
2011,123,"Hirzenbach",0,"Grundtarif",3709,29.50,13.30,45.80
2011,123,"Hirzenbach",1,"Verheiratet",1955,58.20,39.40,79.70
2011,123,"Hirzenbach",2,"EinElternFamilien",358,29.35,8.20,45.00
2012,11,"Rathaus",0,"Grundtarif",1616,48.10,20.00,84.30
2012,11,"Rathaus",1,"Verheiratet",338,116.35,63.50,189.60
2012,11,"Rathaus",2,"EinElternFamilien",69,55.70,33.60,94.70
2012,12,"Hochschulen",0,"Grundtarif",299,41.10,12.10,72.10
2012,12,"Hochschulen",1,"Verheiratet",63,129.70,58.90,251.00
2012,12,"Hochschulen",2,"EinElternFamilien",6,94.05,83.40,109.30
2012,13,"Lindenhof",0,"Grundtarif",1130,20.10,0.00,51.80
2012,13,"Lindenhof",1,"Verheiratet",134,106.90,52.30,172.90
2012,13,"Lindenhof",2,"EinElternFamilien",28,71.55,46.35,138.90
2012,14,"City",0,"Grundtarif",542,9.55,0.00,50.80
2012,14,"City",1,"Verheiratet",90,88.45,45.10,148.30
2012,14,"City",2,"EinElternFamilien",30,47.50,23.10,78.20
2012,21,"Wollishofen",0,"Grundtarif",6979,42.00,18.50,67.20
2012,21,"Wollishofen",1,"Verheiratet",2362,83.85,56.40,135.30
2012,21,"Wollishofen",2,"EinElternFamilien",500,42.55,24.95,65.95
2012,23,"Leimbach",0,"Grundtarif",1745,37.40,18.20,57.80
2012,23,"Leimbach",1,"Verheiratet",1011,74.20,50.40,105.30
2012,23,"Leimbach",2,"EinElternFamilien",153,37.30,16.60,61.10
2012,24,"Enge",0,"Grundtarif",3692,55.40,24.30,92.20
2012,24,"Enge",1,"Verheiratet",1219,115.80,66.70,198.50
2012,24,"Enge",2,"EinElternFamilien",210,57.05,27.10,96.00
2012,31,"Alt-Wiedikon",0,"Grundtarif",7436,49.30,24.40,75.30
2012,31,"Alt-Wiedikon",1,"Verheiratet",1956,82.85,49.25,135.65
2012,31,"Alt-Wiedikon",2,"EinElternFamilien",394,53.10,25.60,80.10
2012,33,"Friesenberg",0,"Grundtarif",3471,32.60,10.70,53.10
2012,33,"Friesenberg",1,"Verheiratet",1910,69.45,47.80,96.30
2012,33,"Friesenberg",2,"EinElternFamilien",422,37.60,20.10,54.70
2012,34,"Sihlfeld",0,"Grundtarif",10037,41.10,20.30,63.50
2012,34,"Sihlfeld",1,"Verheiratet",2281,59.30,36.20,88.20
2012,34,"Sihlfeld",2,"EinElternFamilien",621,35.90,19.70,51.60
2012,41,"Werd",0,"Grundtarif",2088,46.65,20.75,75.80
2012,41,"Werd",1,"Verheiratet",421,70.20,35.40,123.80
2012,41,"Werd",2,"EinElternFamilien",67,43.40,25.60,85.00
2012,42,"Langstrasse",0,"Grundtarif",5803,39.70,17.20,65.00
2012,42,"Langstrasse",1,"Verheiratet",817,57.30,34.50,94.70
2012,42,"Langstrasse",2,"EinElternFamilien",216,36.05,10.60,67.95
2012,44,"Hard",0,"Grundtarif",5912,34.10,16.75,53.80
2012,44,"Hard",1,"Verheiratet",1618,52.65,34.70,73.60
2012,44,"Hard",2,"EinElternFamilien",357,26.20,8.60,44.40
2012,51,"Gewerbeschule",0,"Grundtarif",4989,38.60,15.80,65.00
2012,51,"Gewerbeschule",1,"Verheiratet",1012,63.45,40.95,94.00
2012,51,"Gewerbeschule",2,"EinElternFamilien",285,43.40,21.20,67.70
2012,52,"Escher Wyss",0,"Grundtarif",1654,55.75,28.50,85.60
2012,52,"Escher Wyss",1,"Verheiratet",373,96.60,58.40,149.40
2012,52,"Escher Wyss",2,"EinElternFamilien",114,56.15,31.80,84.50
2012,61,"Unterstrass",0,"Grundtarif",8931,45.70,22.00,72.60
2012,61,"Unterstrass",1,"Verheiratet",2796,82.30,53.70,127.95
2012,61,"Unterstrass",2,"EinElternFamilien",719,47.40,27.80,70.50
2012,63,"Oberstrass",0,"Grundtarif",4098,51.35,22.00,84.90
2012,63,"Oberstrass",1,"Verheiratet",1409,128.40,82.20,208.20
2012,63,"Oberstrass",2,"EinElternFamilien",297,69.80,40.00,119.40
2012,71,"Fluntern",0,"Grundtarif",2779,55.70,17.80,99.30
2012,71,"Fluntern",1,"Verheiratet",1294,165.35,97.80,283.90
2012,71,"Fluntern",2,"EinElternFamilien",210,85.15,44.30,132.60
2012,72,"Hottingen",0,"Grundtarif",4374,53.70,20.00,91.00
2012,72,"Hottingen",1,"Verheiratet",1487,140.50,83.50,235.60
2012,72,"Hottingen",2,"EinElternFamilien",320,76.20,42.05,125.05
2012,73,"Hirslanden",0,"Grundtarif",3181,47.40,20.70,80.00
2012,73,"Hirslanden",1,"Verheiratet",993,113.10,69.90,196.90
2012,73,"Hirslanden",2,"EinElternFamilien",219,54.00,35.90,87.20
2012,74,"Witikon",0,"Grundtarif",3927,46.20,20.98,72.20
2012,74,"Witikon",1,"Verheiratet",1854,104.65,70.90,161.60
2012,74,"Witikon",2,"EinElternFamilien",276,58.40,31.75,91.65
2012,81,"Seefeld",0,"Grundtarif",2567,60.10,28.70,98.70
2012,81,"Seefeld",1,"Verheiratet",516,119.30,71.55,208.15
2012,81,"Seefeld",2,"EinElternFamilien",148,58.35,35.90,92.80
2012,82,"Mühlebach",0,"Grundtarif",2746,55.35,25.00,92.40
2012,82,"Mühlebach",1,"Verheiratet",679,115.50,69.30,189.20
2012,82,"Mühlebach",2,"EinElternFamilien",187,63.90,34.30,97.10
2012,83,"Weinegg",0,"Grundtarif",1997,46.50,17.80,74.30
2012,83,"Weinegg",1,"Verheiratet",660,104.85,66.55,171.80
2012,83,"Weinegg",2,"EinElternFamilien",152,57.95,39.35,99.00
2012,91,"Albisrieden",0,"Grundtarif",8152,41.15,20.50,62.65
2012,91,"Albisrieden",1,"Verheiratet",3069,75.70,50.70,105.90
2012,91,"Albisrieden",2,"EinElternFamilien",539,45.60,27.60,71.00
2012,92,"Altstetten",0,"Grundtarif",12048,40.30,20.00,59.90
2012,92,"Altstetten",1,"Verheiratet",5019,64.30,42.70,90.50
2012,92,"Altstetten",2,"EinElternFamilien",803,35.00,15.00,52.60
2012,101,"Höngg",0,"Grundtarif",8625,48.20,23.70,73.00
2012,101,"Höngg",1,"Verheiratet",3572,93.10,62.70,139.95
2012,101,"Höngg",2,"EinElternFamilien",628,52.45,31.90,82.25
2012,102,"Wipkingen",0,"Grundtarif",7839,44.90,20.60,68.30
2012,102,"Wipkingen",1,"Verheiratet",1714,73.75,49.60,114.80
2012,102,"Wipkingen",2,"EinElternFamilien",500,43.85,25.85,67.30
2012,111,"Affoltern",0,"Grundtarif",8170,38.70,18.40,59.50
2012,111,"Affoltern",1,"Verheiratet",4231,70.50,48.00,98.00
2012,111,"Affoltern",2,"EinElternFamilien",750,37.80,18.30,56.10
2012,115,"Oerlikon",0,"Grundtarif",8545,43.90,20.00,69.30
2012,115,"Oerlikon",1,"Verheiratet",2712,81.20,50.10,124.90
2012,115,"Oerlikon",2,"EinElternFamilien",452,43.70,23.30,66.75
2012,119,"Seebach",0,"Grundtarif",7933,38.40,17.50,59.40
2012,119,"Seebach",1,"Verheiratet",3605,66.50,43.00,95.30
2012,119,"Seebach",2,"EinElternFamilien",589,34.40,15.60,53.50
2012,121,"Saatlen",0,"Grundtarif",2066,31.30,14.20,50.80
2012,121,"Saatlen",1,"Verheiratet",1253,61.40,39.80,84.60
2012,121,"Saatlen",2,"EinElternFamilien",244,32.70,15.10,46.05
2012,122,"Schwamendingen-Mitte",0,"Grundtarif",3978,32.65,15.60,50.00
2012,122,"Schwamendingen-Mitte",1,"Verheiratet",1639,57.80,37.80,79.50
2012,122,"Schwamendingen-Mitte",2,"EinElternFamilien",262,24.35,3.40,41.70
2012,123,"Hirzenbach",0,"Grundtarif",3683,29.00,12.10,46.40
2012,123,"Hirzenbach",1,"Verheiratet",1913,57.90,38.10,78.70
2012,123,"Hirzenbach",2,"EinElternFamilien",359,28.00,5.70,45.00

